/*
 Navicat Premium Data Transfer

 Source Server         : localhost
 Source Server Type    : MySQL
 Source Server Version : 50529
 Source Host           : localhost
 Source Database       : iut_film

 Target Server Type    : MySQL
 Target Server Version : 50529
 File Encoding         : utf-8

 Date: 01/08/2014 21:26:39 PM
*/

SET NAMES utf8;
SET FOREIGN_KEY_CHECKS = 0;

-- ----------------------------
--  Table structure for `acteurs`
-- ----------------------------
DROP TABLE IF EXISTS `acteurs`;
CREATE TABLE `acteurs` (
  `ref_code_film` int(11) NOT NULL,
  `ref_code_acteur` int(11) NOT NULL,
  PRIMARY KEY (`ref_code_film`,`ref_code_acteur`),
  KEY `ref_code_film` (`ref_code_film`),
  KEY `ref_code_acteur` (`ref_code_acteur`),
  CONSTRAINT `FK_B85835AC6F75734C` FOREIGN KEY (`ref_code_acteur`) REFERENCES `individus` (`code_indiv`),
  CONSTRAINT `FK_B85835ACC7F5D5A6` FOREIGN KEY (`ref_code_film`) REFERENCES `films` (`code_film`)
) ENGINE=InnoDB DEFAULT CHARSET=latin1;

-- ----------------------------
--  Records of `acteurs`
-- ----------------------------
BEGIN;
INSERT INTO `acteurs` VALUES ('1', '29'), ('1', '31'), ('2', '32'), ('2', '33'), ('2', '619'), ('3', '34'), ('3', '35'), ('4', '36'), ('4', '37'), ('4', '38'), ('5', '39'), ('6', '12'), ('6', '77'), ('7', '40'), ('7', '41'), ('7', '42'), ('7', '43'), ('8', '14'), ('10', '44'), ('10', '45'), ('11', '46'), ('11', '47'), ('11', '48'), ('12', '31'), ('12', '49'), ('12', '50'), ('12', '75'), ('13', '51'), ('13', '52'), ('13', '53'), ('14', '41'), ('14', '45'), ('14', '54'), ('14', '55'), ('14', '56'), ('14', '57'), ('14', '58'), ('15', '59'), ('15', '60'), ('15', '575'), ('16', '41'), ('16', '61'), ('16', '62'), ('16', '63'), ('16', '64'), ('16', '133'), ('17', '65'), ('17', '66'), ('17', '67'), ('18', '68'), ('18', '69'), ('18', '70'), ('18', '595'), ('19', '63'), ('19', '71'), ('19', '76'), ('19', '78'), ('19', '792'), ('20', '72'), ('20', '79'), ('21', '73'), ('21', '74'), ('25', '12'), ('26', '82'), ('26', '83'), ('26', '84'), ('26', '598'), ('29', '92'), ('29', '606'), ('30', '86'), ('30', '87'), ('30', '88'), ('30', '289'), ('30', '576'), ('33', '94'), ('33', '95'), ('33', '96'), ('33', '129'), ('34', '96'), ('34', '97'), ('34', '98'), ('35', '75'), ('35', '102'), ('35', '295'), ('36', '29'), ('36', '101'), ('37', '35'), ('37', '104'), ('37', '105'), ('37', '106'), ('38', '107'), ('38', '108'), ('39', '109'), ('39', '111'), ('39', '240'), ('40', '31'), ('40', '114'), ('40', '115'), ('40', '259'), ('41', '101'), ('41', '113'), ('41', '860'), ('42', '108'), ('42', '116'), ('44', '118'), ('44', '119'), ('44', '120'), ('45', '14'), ('46', '122'), ('46', '123'), ('46', '124'), ('47', '54'), ('47', '789'), ('48', '125'), ('48', '126'), ('48', '262'), ('48', '280'), ('49', '95'), ('49', '96'), ('49', '127'), ('50', '95'), ('50', '98'), ('50', '128'), ('50', '129'), ('51', '98'), ('52', '63'), ('52', '130'), ('52', '131'), ('52', '133'), ('52', '134'), ('52', '541'), ('54', '136'), ('54', '137'), ('54', '138'), ('54', '527'), ('56', '139'), ('56', '140'), ('56', '872'), ('57', '141'), ('57', '142'), ('57', '750'), ('58', '130'), ('58', '143'), ('58', '144'), ('58', '145'), ('58', '146'), ('58', '147'), ('58', '148'), ('59', '12'), ('59', '149'), ('59', '150'), ('60', '151'), ('60', '152'), ('60', '153'), ('61', '144'), ('61', '146'), ('61', '154'), ('61', '155'), ('61', '156'), ('63', '36'), ('63', '158'), ('63', '159'), ('63', '692'), ('64', '161'), ('64', '162'), ('65', '163'), ('65', '164'), ('66', '163'), ('66', '165'), ('68', '159'), ('68', '166'), ('68', '167'), ('68', '168'), ('69', '169'), ('69', '170'), ('69', '171'), ('70', '174'), ('70', '175'), ('70', '176'), ('71', '178'), ('71', '781'), ('72', '330'), ('72', '331'), ('73', '181'), ('73', '182'), ('73', '183'), ('74', '185'), ('74', '186'), ('74', '766'), ('75', '188'), ('75', '189'), ('75', '190'), ('76', '855'), ('77', '63'), ('77', '192'), ('78', '119'), ('78', '195'), ('78', '196'), ('78', '197'), ('79', '199'), ('79', '200'), ('79', '201'), ('79', '202'), ('80', '97'), ('80', '109'), ('80', '890'), ('82', '728'), ('82', '729'), ('82', '822'), ('83', '208'), ('83', '209'), ('84', '207'), ('84', '702'), ('85', '206'), ('85', '836'), ('86', '210'), ('87', '163'), ('87', '211'), ('87', '266'), ('88', '31'), ('88', '214'), ('89', '215'), ('89', '217'), ('89', '218'), ('89', '681'), ('90', '135'), ('90', '342'), ('91', '338'), ('93', '58'), ('93', '221'), ('94', '223'), ('94', '224'), ('94', '225'), ('95', '227'), ('96', '169'), ('96', '171'), ('97', '214'), ('98', '231'), ('98', '232'), ('99', '58'), ('99', '230'), ('100', '33'), ('100', '49'), ('100', '773'), ('101', '234'), ('102', '12'), ('102', '77'), ('103', '236'), ('104', '107'), ('104', '237'), ('105', '14'), ('106', '116'), ('106', '193'), ('106', '238'), ('106', '239'), ('107', '139'), ('107', '153'), ('107', '240'), ('107', '241'), ('108', '857'), ('110', '641'), ('110', '857'), ('111', '94'), ('111', '167'), ('112', '246'), ('112', '247'), ('112', '248'), ('112', '322'), ('113', '249'), ('113', '250'), ('114', '253'), ('114', '254'), ('115', '139'), ('115', '153'), ('116', '97'), ('116', '139'), ('116', '153'), ('116', '218'), ('116', '255'), ('116', '256'), ('116', '257'), ('117', '139'), ('117', '149'), ('117', '153'), ('117', '258'), ('117', '259'), ('117', '260'), ('118', '140'), ('118', '151'), ('118', '152'), ('118', '153'), ('118', '218'), ('118', '872'), ('119', '94'), ('119', '101'), ('119', '262'), ('119', '263'), ('119', '350'), ('119', '483'), ('119', '812'), ('120', '264'), ('120', '265'), ('120', '778'), ('121', '83'), ('121', '266'), ('121', '553'), ('122', '268'), ('122', '269'), ('124', '159'), ('124', '850'), ('125', '563'), ('127', '250'), ('129', '92'), ('129', '273'), ('130', '275'), ('130', '276'), ('130', '277'), ('130', '278'), ('131', '161'), ('131', '197'), ('131', '270'), ('132', '46'), ('132', '262'), ('132', '268'), ('132', '279'), ('132', '280'), ('132', '541'), ('132', '542'), ('133', '46'), ('133', '126'), ('133', '280'), ('133', '281'), ('133', '554'), ('134', '283'), ('134', '284'), ('134', '356'), ('135', '286'), ('135', '287'), ('135', '288'), ('136', '289'), ('137', '290'), ('137', '292'), ('138', '295'), ('139', '294'), ('139', '295'), ('140', '297'), ('140', '298'), ('140', '299'), ('140', '300'), ('140', '301'), ('141', '56'), ('141', '62'), ('141', '266'), ('141', '281'), ('141', '302'), ('141', '303'), ('141', '304'), ('141', '305'), ('142', '306'), ('142', '308'), ('142', '309'), ('143', '171'), ('143', '310'), ('144', '62'), ('144', '82'), ('144', '311'), ('144', '312'), ('145', '315'), ('145', '316'), ('145', '317'), ('146', '61'), ('146', '318'), ('147', '320'), ('147', '321'), ('147', '330'), ('148', '322'), ('150', '94'), ('151', '193'), ('151', '541'), ('152', '324'), ('153', '97'), ('153', '246'), ('153', '325'), ('153', '326'), ('153', '327'), ('154', '48'), ('154', '304'), ('154', '328'), ('154', '329'), ('155', '333'), ('156', '297'), ('156', '298'), ('156', '299'), ('156', '330'), ('157', '692'), ('158', '102'), ('158', '337'), ('159', '338'), ('160', '279'), ('161', '857'), ('162', '232'), ('162', '259'), ('162', '339'), ('162', '340'), ('163', '812'), ('164', '342'), ('164', '509'), ('166', '343'), ('166', '344'), ('166', '345'), ('167', '346'), ('167', '347'), ('167', '604'), ('168', '701'), ('168', '702'), ('169', '163'), ('169', '446'), ('171', '94'), ('171', '114'), ('171', '350'), ('172', '351'), ('172', '352'), ('174', '354'), ('176', '356'), ('176', '357'), ('177', '359'), ('177', '360'), ('178', '362'), ('178', '363'), ('178', '463'), ('178', '766'), ('179', '364'), ('179', '365'), ('179', '366'), ('180', '367'), ('181', '369'), ('181', '370'), ('182', '49'), ('182', '107'), ('182', '139'), ('182', '171'), ('182', '238'), ('182', '371'), ('182', '372'), ('182', '373'), ('182', '374'), ('182', '375'), ('182', '844'), ('183', '377'), ('183', '378'), ('183', '379'), ('184', '381'), ('184', '382'), ('184', '383'), ('185', '306'), ('185', '385'), ('185', '386'), ('186', '315'), ('186', '329'), ('186', '387'), ('187', '46'), ('187', '262'), ('187', '388'), ('187', '657'), ('188', '57'), ('188', '73'), ('188', '309'), ('188', '391'), ('189', '306'), ('189', '392'), ('189', '393'), ('190', '394'), ('191', '396'), ('191', '465'), ('191', '472'), ('192', '136'), ('192', '312'), ('192', '398'), ('192', '399'), ('192', '756'), ('193', '400'), ('194', '36'), ('195', '163'), ('195', '345'), ('195', '402'), ('195', '403'), ('196', '57'), ('196', '404'), ('197', '96'), ('197', '97'), ('197', '127'), ('198', '406'), ('198', '407'), ('198', '408'), ('198', '409'), ('198', '412'), ('198', '413'), ('199', '398'), ('199', '410'), ('200', '209'), ('200', '398'), ('201', '159'), ('201', '414'), ('201', '415'), ('201', '416'), ('202', '402'), ('202', '417'), ('202', '418'), ('202', '419'), ('202', '563'), ('203', '420'), ('203', '421'), ('204', '312'), ('204', '423'), ('205', '122'), ('205', '424'), ('205', '425'), ('206', '428'), ('206', '429'), ('206', '431'), ('206', '432'), ('206', '433'), ('206', '434'), ('206', '435'), ('207', '436'), ('207', '437'), ('208', '33'), ('208', '140'), ('208', '406'), ('208', '407'), ('208', '438'), ('208', '439'), ('208', '440'), ('209', '140'), ('209', '161'), ('209', '407'), ('209', '439'), ('209', '440'), ('209', '849'), ('209', '886'), ('210', '140'), ('210', '415'), ('210', '439'), ('210', '441'), ('210', '442'), ('210', '640'), ('211', '169'), ('211', '295'), ('211', '443'), ('211', '445'), ('211', '446'), ('211', '549'), ('212', '448'), ('213', '101'), ('213', '320'), ('214', '312'), ('214', '450'), ('214', '451'), ('214', '452'), ('215', '453'), ('215', '454'), ('215', '669'), ('216', '414'), ('216', '455'), ('216', '456'), ('216', '457'), ('217', '459'), ('217', '460'), ('218', '462'), ('218', '522'), ('219', '350'), ('219', '463'), ('220', '99'), ('220', '170'), ('220', '254'), ('220', '443'), ('220', '464'), ('220', '572'), ('221', '139'), ('222', '396'), ('222', '465'), ('222', '467'), ('222', '468'), ('222', '469'), ('222', '470'), ('223', '396'), ('223', '465'), ('223', '466'), ('223', '467'), ('223', '468'), ('223', '469'), ('223', '470'), ('223', '471'), ('224', '288'), ('224', '473'), ('224', '474'), ('224', '734'), ('225', '477'), ('225', '478'), ('225', '479'), ('225', '480'), ('226', '114'), ('226', '320'), ('227', '481'), ('228', '101'), ('228', '263'), ('228', '482'), ('228', '483'), ('228', '549'), ('228', '860'), ('229', '263'), ('230', '310'), ('230', '485'), ('231', '115'), ('231', '406'), ('231', '487'), ('232', '36'), ('232', '70'), ('232', '195'), ('232', '352'), ('232', '488'), ('232', '489'), ('232', '490'), ('232', '492'), ('232', '826'), ('233', '168'), ('233', '421'), ('233', '459'), ('233', '495'), ('233', '681'), ('233', '683'), ('234', '497'), ('234', '498'), ('235', '500'), ('236', '209'), ('236', '501'), ('236', '502'), ('239', '64'), ('239', '505'), ('240', '490'), ('240', '506'), ('240', '826'), ('241', '167'), ('241', '564'), ('242', '175'), ('242', '302'), ('242', '509'), ('245', '510'), ('245', '511'), ('246', '224'), ('246', '489'), ('246', '513'), ('246', '514'), ('246', '515'), ('246', '772'), ('246', '776'), ('247', '276'), ('247', '517'), ('247', '518'), ('248', '279'), ('249', '99'), ('249', '158'), ('249', '337'), ('249', '481'), ('249', '519'), ('249', '520'), ('249', '590'), ('250', '41'), ('250', '62'), ('250', '107'), ('251', '462'), ('251', '521'), ('251', '522'), ('252', '133'), ('252', '306'), ('252', '523'), ('253', '525'), ('254', '527'), ('255', '116'), ('255', '528'), ('255', '529'), ('255', '530'), ('256', '46'), ('256', '328'), ('256', '531'), ('256', '532'), ('257', '31'), ('257', '56'), ('258', '365'), ('259', '114'), ('259', '231'), ('259', '534'), ('260', '214'), ('260', '482'), ('260', '535'), ('260', '536'), ('261', '408'), ('261', '537'), ('261', '538'), ('262', '531'), ('262', '541'), ('262', '542'), ('263', '541'), ('265', '116'), ('265', '530'), ('266', '64'), ('266', '387'), ('266', '543'), ('266', '544'), ('267', '64'), ('267', '209'), ('270', '262'), ('270', '548'), ('270', '549'), ('270', '551'), ('270', '818'), ('271', '150'), ('271', '279'), ('271', '375'), ('271', '493'), ('271', '552'), ('272', '171'), ('272', '436'), ('272', '564'), ('273', '531'), ('274', '531'), ('274', '757'), ('275', '215'), ('275', '259'), ('275', '802'), ('275', '803'), ('275', '804'), ('275', '805'), ('276', '46'), ('276', '280'), ('276', '553'), ('276', '554'), ('277', '556'), ('277', '557'), ('277', '558'), ('278', '59'), ('278', '255'), ('278', '412'), ('278', '560'), ('279', '255'), ('279', '412'), ('279', '560'), ('280', '255'), ('280', '412'), ('280', '560'), ('281', '101'), ('281', '113'), ('281', '262'), ('281', '483'), ('281', '563'), ('282', '171'), ('282', '249'), ('282', '344'), ('282', '459'), ('282', '564'), ('282', '619'), ('283', '116'), ('284', '651'), ('285', '49'), ('286', '73'), ('286', '566'), ('286', '567'), ('286', '568'), ('286', '569'), ('287', '73'), ('287', '566'), ('287', '567'), ('287', '568'), ('287', '569'), ('288', '75'), ('288', '339'), ('288', '416'), ('289', '159'), ('289', '262'), ('289', '572'), ('289', '573'), ('290', '167'), ('290', '574'), ('290', '575'), ('292', '576'), ('292', '577'), ('292', '578'), ('292', '731'), ('295', '12'), ('296', '12'), ('298', '580'), ('298', '666'), ('299', '666'), ('301', '582'), ('302', '583'), ('302', '749'), ('302', '886'), ('303', '281'), ('306', '141'), ('306', '586'), ('306', '587'), ('307', '588'), ('307', '589'), ('307', '851'), ('308', '450'), ('309', '29'), ('309', '373'), ('309', '459'), ('309', '590'), ('310', '423'), ('311', '276'), ('311', '592'), ('315', '210'), ('315', '594'), ('316', '72'), ('316', '163'), ('317', '39'), ('317', '595'), ('318', '52'), ('318', '119'), ('318', '256'), ('318', '849'), ('319', '165'), ('319', '596'), ('320', '371'), ('320', '597'), ('320', '598'), ('320', '640'), ('321', '654'), ('321', '778'), ('322', '599'), ('323', '543'), ('324', '192'), ('324', '209'), ('325', '273'), ('325', '602'), ('325', '603'), ('326', '92'), ('326', '603'), ('326', '604'), ('326', '605'), ('326', '606'), ('327', '394'), ('328', '370'), ('328', '608'), ('329', '120'), ('329', '363'), ('329', '497'), ('330', '46'), ('330', '78'), ('330', '610'), ('331', '116'), ('331', '406'), ('331', '611'), ('332', '82'), ('332', '613'), ('333', '148'), ('333', '614'), ('333', '615'), ('334', '136'), ('334', '616'), ('335', '339'), ('335', '617'), ('335', '618'), ('335', '619'), ('336', '230'), ('336', '239'), ('336', '620'), ('336', '621'), ('337', '614'), ('337', '622'), ('338', '459'), ('338', '625'), ('340', '170'), ('340', '328'), ('340', '566'), ('341', '366'), ('341', '628'), ('341', '629'), ('341', '630'), ('342', '631'), ('342', '632'), ('343', '260'), ('344', '406'), ('344', '487'), ('344', '860'), ('345', '563'), ('345', '634'), ('345', '635'), ('346', '398'), ('348', '315'), ('348', '523'), ('349', '96'), ('349', '97'), ('349', '127'), ('349', '128'), ('349', '638'), ('351', '142'), ('352', '62'), ('352', '302'), ('352', '437'), ('353', '175'), ('353', '302'), ('354', '161'), ('354', '283'), ('355', '302'), ('355', '610'), ('355', '639'), ('355', '811'), ('356', '302'), ('356', '640'), ('357', '54'), ('357', '57'), ('357', '315'), ('357', '528'), ('358', '641'), ('358', '857'), ('359', '459'), ('359', '616'), ('359', '640'), ('359', '670'), ('360', '12'), ('361', '644'), ('361', '645'), ('362', '12'), ('363', '249'), ('363', '564'), ('364', '373'), ('364', '625'), ('366', '647'), ('367', '647'), ('368', '647'), ('369', '647'), ('370', '768'), ('371', '46'), ('371', '175'), ('371', '650'), ('371', '813'), ('373', '651'), ('374', '651'), ('375', '652'), ('376', '602'), ('376', '605'), ('377', '101'), ('377', '263'), ('377', '445'), ('377', '654'), ('377', '655'), ('378', '136'), ('378', '142'), ('378', '749'), ('379', '249'), ('379', '634'), ('380', '114'), ('380', '249'), ('380', '656'), ('381', '531'), ('381', '657'), ('382', '167'), ('382', '253'), ('382', '519'), ('382', '683'), ('383', '94'), ('383', '443'), ('384', '658'), ('384', '660'), ('384', '773'), ('385', '250'), ('386', '99'), ('386', '450'), ('386', '548'), ('386', '588'), ('386', '669'), ('387', '260'), ('387', '371'), ('387', '661'), ('389', '645'), ('389', '663'), ('391', '610'), ('391', '650'), ('391', '665'), ('392', '580'), ('392', '666'), ('393', '381'), ('393', '668'), ('394', '58'), ('394', '330'), ('394', '596'), ('395', '167'), ('395', '669'), ('395', '670'), ('396', '564'), ('396', '671'), ('396', '673'), ('397', '671'), ('397', '674'), ('397', '675'), ('397', '781'), ('398', '150'), ('399', '150'), ('400', '175'), ('400', '309'), ('400', '386'), ('400', '610'), ('400', '679'), ('401', '386'), ('401', '393'), ('401', '610'), ('401', '680'), ('403', '548'), ('403', '681'), ('403', '682'), ('403', '683'), ('404', '684'), ('405', '114'), ('405', '685'), ('406', '231'), ('406', '686'), ('407', '421'), ('407', '687'), ('408', '400'), ('408', '689'), ('409', '101'), ('409', '166'), ('409', '455'), ('410', '101'), ('410', '400'), ('410', '685'), ('410', '692'), ('411', '101'), ('411', '400'), ('412', '400'), ('412', '694'), ('413', '695'), ('414', '696'), ('414', '697'), ('415', '130'), ('415', '143'), ('416', '130'), ('416', '143'), ('417', '130'), ('417', '143'), ('417', '145'), ('417', '190'), ('417', '192'), ('417', '398'), ('418', '175'), ('418', '505'), ('418', '698'), ('419', '161'), ('419', '699'), ('420', '701'), ('421', '703'), ('422', '87'), ('423', '537'), ('423', '704'), ('423', '705'), ('423', '706'), ('423', '707'), ('423', '708'), ('424', '710'), ('424', '711'), ('424', '712'), ('424', '838'), ('425', '78'), ('425', '133'), ('425', '713'), ('425', '714'), ('426', '412'), ('426', '715'), ('427', '412'), ('427', '716'), ('428', '412'), ('428', '594'), ('430', '29'), ('430', '50'), ('430', '340'), ('430', '374'), ('431', '256'), ('431', '719'), ('431', '720'), ('432', '721'), ('434', '460'), ('434', '724'), ('434', '725'), ('435', '169'), ('435', '421'), ('435', '459'), ('436', '116'), ('437', '436'), ('438', '726'), ('439', '668'), ('439', '727'), ('439', '728'), ('440', '728'), ('440', '729'), ('441', '730'), ('441', '731'), ('442', '230'), ('442', '254'), ('442', '732'), ('443', '339'), ('443', '420'), ('443', '733'), ('444', '119'), ('444', '196'), ('444', '197'), ('444', '258'), ('444', '362'), ('444', '706'), ('444', '734'), ('444', '735'), ('445', '462'), ('447', '738'), ('448', '741'), ('448', '779'), ('449', '99'), ('449', '741'), ('450', '168'), ('450', '169'), ('450', '742'), ('451', '114'), ('451', '253'), ('452', '321'), ('452', '453'), ('452', '818'), ('453', '114'), ('453', '744'), ('453', '746'), ('454', '114'), ('454', '745'), ('455', '748'), ('456', '142'), ('456', '749'), ('456', '750'), ('456', '751'), ('457', '752'), ('458', '754'), ('458', '755'), ('458', '763'), ('458', '852'), ('458', '866'), ('459', '583'), ('459', '756'), ('462', '12'), ('462', '759'), ('462', '760'), ('463', '608'), ('463', '762'), ('463', '766'), ('464', '227'), ('464', '543'), ('465', '62'), ('465', '136'), ('465', '209'), ('465', '398'), ('465', '410'), ('467', '412'), ('468', '225'), ('468', '231'), ('468', '437'), ('469', '114'), ('469', '163'), ('469', '320'), ('470', '42'), ('470', '479'), ('470', '707'), ('470', '726'), ('471', '513'), ('471', '766'), ('472', '254'), ('472', '767'), ('473', '641'), ('473', '768'), ('473', '857'), ('476', '225'), ('476', '515'), ('476', '697'), ('476', '770'), ('477', '163'), ('477', '771'), ('477', '772'), ('477', '773'), ('480', '775'), ('480', '776'), ('480', '777'), ('481', '263'), ('481', '778'), ('481', '779'), ('482', '163'), ('482', '780'), ('482', '781'), ('483', '783'), ('483', '784'), ('483', '802'), ('484', '786'), ('484', '787'), ('485', '82'), ('485', '174'), ('485', '312'), ('485', '756'), ('485', '788'), ('485', '789'), ('485', '790'), ('486', '54'), ('486', '56'), ('486', '192'), ('486', '792'), ('486', '793'), ('487', '108'), ('487', '564'), ('487', '794'), ('488', '40'), ('488', '116'), ('488', '795'), ('488', '796'), ('489', '152'), ('489', '161'), ('489', '162'), ('489', '797'), ('490', '169'), ('490', '798'), ('491', '58'), ('491', '799'), ('491', '800'), ('491', '801'), ('492', '806'), ('492', '807'), ('493', '808'), ('494', '675'), ('495', '613'), ('495', '810'), ('496', '812'), ('496', '813'), ('497', '247'), ('497', '265'), ('497', '622'), ('497', '815'), ('498', '528'), ('499', '828'), ('500', '450'), ('500', '572'), ('500', '635'), ('500', '818'), ('501', '450'), ('502', '821'), ('502', '822'), ('503', '641'), ('503', '857'), ('504', '364'), ('504', '505'), ('504', '823'), ('504', '824'), ('505', '488'), ('505', '825'), ('505', '826'), ('506', '451'), ('506', '828'), ('506', '829'), ('507', '830'), ('509', '150'), ('510', '832'), ('510', '833'), ('511', '727'), ('511', '834'), ('511', '835'), ('512', '208'), ('512', '836'), ('513', '837'), ('513', '838'), ('515', '839'), ('516', '754'), ('516', '755'), ('516', '841'), ('516', '842'), ('516', '843'), ('516', '852'), ('517', '445'), ('517', '669'), ('517', '844'), ('518', '44'), ('518', '413'), ('518', '618'), ('519', '808'), ('520', '528'), ('520', '529'), ('521', '675'), ('522', '95'), ('522', '127'), ('522', '129'), ('523', '846'), ('523', '850'), ('523', '851'), ('524', '119'), ('524', '847'), ('524', '848'), ('524', '849'), ('525', '754'), ('525', '842'), ('525', '852'), ('525', '866'), ('526', '224'), ('526', '241'), ('526', '514'), ('526', '515'), ('527', '199'), ('527', '587'), ('527', '853'), ('527', '854'), ('527', '855'), ('528', '580'), ('528', '856'), ('529', '408'), ('529', '413'), ('529', '492'), ('529', '847'), ('529', '858'), ('529', '859'), ('531', '33'), ('531', '860'), ('532', '176'), ('532', '813'), ('533', '297'), ('533', '298'), ('533', '299'), ('533', '300'), ('533', '863'), ('534', '297'), ('534', '298'), ('534', '299'), ('534', '300'), ('534', '863'), ('535', '865'), ('535', '866'), ('536', '868'), ('537', '129'), ('539', '133'), ('539', '665'), ('540', '598'), ('540', '610'), ('540', '698'), ('540', '870'), ('541', '139'), ('541', '140'), ('541', '872'), ('542', '641'), ('543', '594'), ('544', '874'), ('544', '875'), ('545', '877'), ('546', '41'), ('546', '76'), ('546', '125'), ('546', '823'), ('548', '352'), ('548', '515'), ('548', '879'), ('549', '41'), ('549', '78'), ('549', '880'), ('550', '78'), ('550', '309'), ('550', '529'), ('550', '543'), ('550', '620'), ('550', '668'), ('551', '882'), ('552', '97'), ('552', '370'), ('552', '883'), ('554', '297'), ('554', '298'), ('554', '299'), ('554', '300'), ('554', '301'), ('555', '139'), ('555', '140'), ('555', '186'), ('556', '613'), ('556', '885'), ('557', '142'), ('557', '583'), ('557', '886'), ('558', '31'), ('558', '534'), ('559', '139'), ('559', '502'), ('559', '712'), ('559', '872'), ('560', '139'), ('560', '153'), ('561', '645'), ('561', '663'), ('561', '794'), ('561', '887'), ('562', '611'), ('562', '726'), ('563', '153'), ('563', '241'), ('563', '442'), ('563', '888'), ('564', '231'), ('564', '317'), ('564', '453'), ('565', '450'), ('565', '846'), ('566', '139'), ('566', '278'), ('566', '889'), ('566', '890'), ('568', '41'), ('568', '530'), ('568', '891');
COMMIT;

-- ----------------------------
--  Table structure for `classification`
-- ----------------------------
DROP TABLE IF EXISTS `classification`;
CREATE TABLE `classification` (
  `ref_code_film` int(11) NOT NULL,
  `ref_code_genre` int(11) NOT NULL,
  PRIMARY KEY (`ref_code_film`,`ref_code_genre`),
  KEY `ref_code_film` (`ref_code_film`),
  KEY `ref_code_genre` (`ref_code_genre`),
  CONSTRAINT `FK_456BD23169C0C5AA` FOREIGN KEY (`ref_code_genre`) REFERENCES `genres` (`code_genre`),
  CONSTRAINT `FK_456BD231C7F5D5A6` FOREIGN KEY (`ref_code_film`) REFERENCES `films` (`code_film`)
) ENGINE=InnoDB DEFAULT CHARSET=latin1 ROW_FORMAT=FIXED;

-- ----------------------------
--  Records of `classification`
-- ----------------------------
BEGIN;
INSERT INTO `classification` VALUES ('1', '1'), ('1', '14'), ('1', '16'), ('2', '2'), ('2', '14'), ('3', '1'), ('3', '5'), ('3', '6'), ('4', '1'), ('4', '6'), ('4', '7'), ('4', '12'), ('4', '21'), ('5', '7'), ('5', '8'), ('5', '9'), ('5', '20'), ('6', '6'), ('6', '7'), ('6', '8'), ('7', '1'), ('7', '10'), ('7', '14'), ('8', '7'), ('8', '11'), ('8', '13'), ('9', '5'), ('9', '6'), ('10', '9'), ('10', '12'), ('10', '16'), ('11', '1'), ('11', '5'), ('11', '8'), ('11', '20'), ('12', '6'), ('13', '1'), ('13', '27'), ('13', '29'), ('14', '7'), ('14', '9'), ('14', '11'), ('14', '13'), ('15', '6'), ('15', '7'), ('15', '8'), ('15', '19'), ('15', '21'), ('16', '8'), ('17', '5'), ('17', '6'), ('17', '8'), ('17', '11'), ('17', '21'), ('18', '4'), ('18', '17'), ('19', '6'), ('19', '8'), ('19', '19'), ('19', '21'), ('20', '3'), ('20', '17'), ('21', '1'), ('22', '1'), ('22', '6'), ('23', '3'), ('23', '6'), ('25', '6'), ('25', '7'), ('25', '13'), ('25', '27'), ('26', '3'), ('26', '6'), ('27', '5'), ('27', '8'), ('27', '14'), ('27', '29'), ('28', '7'), ('28', '13'), ('29', '1'), ('29', '6'), ('29', '29'), ('30', '3'), ('30', '7'), ('30', '9'), ('33', '5'), ('33', '6'), ('34', '5'), ('34', '6'), ('35', '3'), ('35', '13'), ('35', '14'), ('35', '16'), ('35', '17'), ('36', '10'), ('36', '14'), ('36', '16'), ('36', '19'), ('36', '21'), ('36', '23'), ('37', '1'), ('37', '8'), ('37', '14'), ('37', '15'), ('37', '19'), ('37', '25'), ('38', '1'), ('38', '3'), ('38', '11'), ('38', '15'), ('39', '1'), ('39', '6'), ('39', '16'), ('40', '1'), ('40', '17'), ('41', '3'), ('41', '14'), ('42', '3'), ('42', '11'), ('42', '15'), ('43', '4'), ('43', '14'), ('44', '12'), ('44', '13'), ('44', '16'), ('45', '7'), ('45', '11'), ('45', '13'), ('46', '5'), ('46', '6'), ('46', '11'), ('46', '14'), ('46', '21'), ('47', '1'), ('47', '7'), ('47', '9'), ('47', '11'), ('48', '8'), ('48', '14'), ('48', '21'), ('49', '5'), ('49', '6'), ('50', '5'), ('50', '6'), ('51', '1'), ('51', '6'), ('52', '6'), ('52', '8'), ('52', '19'), ('52', '21'), ('53', '1'), ('53', '5'), ('54', '6'), ('54', '14'), ('55', '1'), ('55', '6'), ('56', '1'), ('56', '7'), ('56', '10'), ('56', '12'), ('57', '5'), ('57', '6'), ('57', '7'), ('57', '14'), ('58', '6'), ('58', '7'), ('58', '8'), ('58', '9'), ('58', '20'), ('59', '7'), ('59', '13'), ('60', '8'), ('60', '10'), ('60', '16'), ('61', '8'), ('61', '10'), ('62', '5'), ('62', '6'), ('62', '11'), ('62', '14'), ('63', '7'), ('63', '9'), ('63', '10'), ('64', '6'), ('64', '12'), ('65', '1'), ('65', '3'), ('65', '6'), ('65', '17'), ('66', '1'), ('66', '3'), ('66', '14'), ('66', '17'), ('68', '6'), ('68', '10'), ('68', '19'), ('69', '3'), ('69', '6'), ('69', '8'), ('69', '17'), ('69', '25'), ('70', '3'), ('70', '6'), ('70', '8'), ('70', '20'), ('71', '7'), ('71', '8'), ('71', '10'), ('71', '19'), ('71', '25'), ('72', '10'), ('72', '23'), ('73', '6'), ('73', '7'), ('74', '1'), ('74', '10'), ('74', '27'), ('75', '1'), ('75', '9'), ('75', '27'), ('76', '16'), ('76', '22'), ('76', '27'), ('77', '1'), ('77', '11'), ('78', '4'), ('78', '10'), ('79', '1'), ('79', '14'), ('80', '3'), ('80', '4'), ('80', '17'), ('81', '14'), ('81', '19'), ('82', '11'), ('82', '19'), ('83', '6'), ('83', '14'), ('84', '1'), ('84', '6'), ('84', '8'), ('84', '25'), ('85', '5'), ('85', '20'), ('86', '17'), ('87', '3'), ('87', '9'), ('87', '17'), ('88', '1'), ('88', '7'), ('88', '9'), ('88', '10'), ('88', '23'), ('89', '6'), ('89', '13'), ('89', '16'), ('90', '8'), ('90', '10'), ('91', '6'), ('91', '10'), ('91', '12'), ('91', '16'), ('91', '17'), ('92', '5'), ('92', '7'), ('93', '9'), ('93', '10'), ('93', '23'), ('94', '3'), ('94', '8'), ('94', '19'), ('95', '5'), ('95', '11'), ('95', '21'), ('96', '6'), ('96', '8'), ('96', '14'), ('97', '9'), ('97', '13'), ('97', '16'), ('98', '1'), ('98', '9'), ('98', '19'), ('98', '21'), ('99', '9'), ('99', '20'), ('100', '6'), ('100', '7'), ('100', '8'), ('100', '14'), ('101', '17'), ('101', '25'), ('102', '6'), ('102', '7'), ('102', '8'), ('102', '25'), ('103', '3'), ('103', '6'), ('104', '1'), ('104', '3'), ('104', '8'), ('104', '14'), ('104', '20'), ('105', '7'), ('105', '13'), ('106', '10'), ('106', '14'), ('107', '1'), ('107', '6'), ('107', '7'), ('107', '12'), ('107', '19'), ('108', '5'), ('108', '6'), ('108', '21'), ('108', '29'), ('110', '7'), ('110', '14'), ('110', '22'), ('110', '27'), ('110', '29'), ('111', '1'), ('111', '6'), ('111', '14'), ('112', '6'), ('112', '14'), ('112', '15'), ('112', '21'), ('113', '1'), ('113', '6'), ('113', '9'), ('113', '14'), ('113', '25'), ('114', '1'), ('114', '5'), ('114', '25'), ('114', '27'), ('115', '7'), ('115', '8'), ('116', '6'), ('116', '7'), ('116', '12'), ('117', '3'), ('117', '7'), ('117', '12'), ('118', '7'), ('118', '8'), ('119', '1'), ('119', '8'), ('119', '14'), ('120', '5'), ('120', '6'), ('120', '27'), ('121', '8'), ('121', '20'), ('122', '6'), ('122', '8'), ('122', '11'), ('123', '5'), ('123', '22'), ('123', '27'), ('123', '29'), ('124', '1'), ('124', '6'), ('124', '7'), ('124', '12'), ('125', '3'), ('125', '8'), ('125', '25'), ('126', '5'), ('126', '8'), ('127', '5'), ('127', '6'), ('127', '25'), ('128', '6'), ('128', '9'), ('128', '21'), ('129', '1'), ('129', '15'), ('129', '29'), ('130', '1'), ('130', '6'), ('130', '19'), ('130', '27'), ('131', '1'), ('131', '4'), ('131', '14'), ('131', '17'), ('132', '6'), ('132', '8'), ('132', '22'), ('133', '1'), ('133', '3'), ('133', '6'), ('134', '1'), ('134', '8'), ('134', '9'), ('134', '25'), ('135', '6'), ('135', '22'), ('136', '1'), ('136', '6'), ('136', '7'), ('137', '3'), ('137', '6'), ('138', '22'), ('138', '27'), ('139', '14'), ('139', '22'), ('139', '26'), ('140', '7'), ('140', '9'), ('140', '10'), ('140', '14'), ('141', '1'), ('141', '6'), ('141', '25'), ('141', '27'), ('142', '7'), ('142', '13'), ('143', '3'), ('143', '6'), ('143', '14'), ('144', '14'), ('144', '27'), ('145', '1'), ('145', '13'), ('145', '14'), ('145', '15'), ('145', '16'), ('146', '6'), ('146', '17'), ('146', '21'), ('147', '7'), ('147', '10'), ('147', '12'), ('147', '19'), ('148', '1'), ('148', '3'), ('148', '6'), ('149', '6'), ('149', '7'), ('149', '21'), ('150', '1'), ('150', '6'), ('150', '14'), ('151', '6'), ('151', '27'), ('152', '3'), ('152', '4'), ('152', '6'), ('152', '17'), ('153', '4'), ('153', '14'), ('153', '22'), ('154', '14'), ('154', '15'), ('154', '19'), ('154', '20'), ('154', '27'), ('155', '21'), ('155', '23'), ('156', '7'), ('156', '10'), ('157', '6'), ('157', '13'), ('157', '16'), ('158', '1'), ('158', '3'), ('158', '6'), ('159', '6'), ('159', '17'), ('160', '6'), ('160', '10'), ('161', '5'), ('161', '6'), ('161', '22'), ('161', '27'), ('161', '29'), ('162', '1'), ('162', '22'), ('162', '26'), ('163', '15'), ('163', '17'), ('163', '25'), ('164', '5'), ('164', '7'), ('164', '8'), ('165', '5'), ('165', '6'), ('165', '8'), ('165', '25'), ('166', '6'), ('166', '17'), ('167', '7'), ('167', '16'), ('167', '22'), ('167', '27'), ('167', '29'), ('168', '5'), ('168', '6'), ('168', '14'), ('168', '25'), ('169', '7'), ('169', '13'), ('169', '14'), ('169', '16'), ('170', '7'), ('170', '13'), ('171', '1'), ('171', '17'), ('172', '1'), ('172', '3'), ('172', '6'), ('173', '5'), ('173', '6'), ('173', '29'), ('174', '6'), ('174', '7'), ('174', '8'), ('174', '21'), ('175', '6'), ('175', '21'), ('176', '6'), ('176', '21'), ('176', '27'), ('177', '6'), ('177', '7'), ('177', '16'), ('177', '21'), ('178', '1'), ('178', '7'), ('178', '14'), ('178', '17'), ('178', '22'), ('178', '27'), ('179', '6'), ('179', '7'), ('180', '5'), ('180', '6'), ('180', '21'), ('180', '27'), ('181', '1'), ('181', '17'), ('182', '7'), ('182', '10'), ('182', '25'), ('183', '8'), ('184', '7'), ('184', '24'), ('184', '25'), ('185', '7'), ('185', '13'), ('185', '24'), ('186', '5'), ('186', '15'), ('186', '16'), ('187', '1'), ('187', '3'), ('188', '6'), ('188', '22'), ('189', '7'), ('189', '13'), ('190', '6'), ('190', '7'), ('191', '6'), ('191', '7'), ('191', '10'), ('191', '14'), ('191', '21'), ('192', '7'), ('192', '13'), ('193', '7'), ('193', '8'), ('193', '19'), ('193', '25'), ('194', '1'), ('194', '7'), ('194', '21'), ('195', '2'), ('195', '3'), ('195', '14'), ('196', '6'), ('196', '22'), ('196', '29'), ('197', '5'), ('197', '6'), ('197', '14'), ('197', '27'), ('198', '6'), ('198', '8'), ('198', '22'), ('198', '29'), ('199', '6'), ('199', '7'), ('199', '21'), ('200', '6'), ('200', '7'), ('200', '21'), ('201', '2'), ('201', '6'), ('202', '2'), ('202', '14'), ('203', '3'), ('203', '6'), ('203', '12'), ('204', '6'), ('204', '22'), ('204', '27'), ('205', '8'), ('205', '11'), ('206', '8'), ('206', '19'), ('206', '20'), ('207', '3'), ('207', '6'), ('208', '3'), ('208', '6'), ('208', '8'), ('208', '12'), ('208', '14'), ('209', '3'), ('209', '6'), ('209', '8'), ('209', '14'), ('210', '3'), ('210', '6'), ('210', '8'), ('211', '1'), ('211', '2'), ('212', '15'), ('213', '1'), ('213', '8'), ('213', '14'), ('213', '22'), ('214', '2'), ('214', '3'), ('214', '14'), ('214', '22'), ('215', '1'), ('215', '9'), ('215', '10'), ('216', '1'), ('216', '14'), ('216', '22'), ('216', '27'), ('217', '22'), ('217', '26'), ('218', '3'), ('218', '14'), ('218', '17'), ('218', '25'), ('218', '27'), ('219', '17'), ('219', '27'), ('220', '3'), ('221', '7'), ('222', '6'), ('222', '7'), ('222', '19'), ('223', '6'), ('223', '7'), ('223', '19'), ('224', '3'), ('224', '8'), ('224', '9'), ('224', '10'), ('225', '3'), ('225', '23'), ('226', '1'), ('226', '7'), ('226', '14'), ('227', '2'), ('227', '22'), ('228', '3'), ('228', '6'), ('229', '3'), ('229', '6'), ('229', '14'), ('229', '25'), ('230', '1'), ('231', '3'), ('231', '5'), ('231', '6'), ('231', '12'), ('231', '21'), ('232', '3'), ('232', '6'), ('232', '8'), ('232', '23'), ('233', '14'), ('233', '22'), ('233', '26'), ('234', '7'), ('234', '10'), ('235', '3'), ('235', '6'), ('235', '10'), ('235', '17'), ('236', '11'), ('236', '14'), ('236', '19'), ('238', '5'), ('238', '6'), ('239', '1'), ('239', '3'), ('239', '6'), ('239', '11'), ('240', '3'), ('240', '10'), ('240', '21'), ('240', '23'), ('241', '3'), ('241', '19'), ('241', '20'), ('241', '27'), ('242', '1'), ('242', '5'), ('242', '7'), ('245', '1'), ('245', '4'), ('245', '6'), ('245', '7'), ('246', '7'), ('246', '23'), ('247', '6'), ('247', '7'), ('247', '10'), ('247', '12'), ('248', '6'), ('249', '3'), ('249', '14'), ('249', '22'), ('249', '26'), ('250', '3'), ('250', '6'), ('250', '10'), ('251', '3'), ('251', '17'), ('251', '25'), ('251', '27'), ('252', '7'), ('252', '13'), ('252', '14'), ('253', '6'), ('253', '7'), ('253', '8'), ('253', '21'), ('254', '6'), ('254', '7'), ('254', '8'), ('255', '8'), ('255', '20'), ('256', '1'), ('256', '5'), ('256', '8'), ('256', '11'), ('257', '6'), ('257', '19'), ('257', '25'), ('258', '6'), ('258', '8'), ('258', '11'), ('259', '1'), ('259', '3'), ('259', '20'), ('260', '9'), ('260', '13'), ('261', '4'), ('261', '10'), ('261', '14'), ('262', '1'), ('262', '14'), ('262', '15'), ('263', '15'), ('263', '21'), ('265', '1'), ('265', '20'), ('266', '6'), ('267', '3'), ('267', '6'), ('268', '14'), ('268', '21'), ('268', '25'), ('269', '10'), ('269', '23'), ('269', '28'), ('270', '6'), ('270', '10'), ('270', '29'), ('271', '3'), ('271', '6'), ('271', '10'), ('271', '14'), ('271', '23'), ('272', '3'), ('272', '6'), ('273', '1'), ('273', '3'), ('273', '20'), ('273', '21'), ('274', '6'), ('274', '7'), ('274', '21'), ('275', '10'), ('275', '23'), ('276', '1'), ('276', '6'), ('277', '7'), ('277', '8'), ('278', '4'), ('278', '13'), ('278', '14'), ('278', '16'), ('278', '22'), ('279', '4'), ('279', '13'), ('279', '14'), ('279', '16'), ('279', '22'), ('280', '4'), ('280', '13'), ('280', '14'), ('280', '16'), ('280', '22'), ('281', '1'), ('281', '14'), ('282', '3'), ('282', '6'), ('282', '14'), ('283', '5'), ('283', '6'), ('283', '14'), ('284', '5'), ('284', '22'), ('284', '27'), ('285', '7'), ('285', '8'), ('285', '21'), ('286', '7'), ('286', '8'), ('286', '20'), ('287', '7'), ('287', '8'), ('287', '20'), ('288', '3'), ('288', '6'), ('288', '21'), ('289', '7'), ('289', '9'), ('289', '20'), ('290', '13'), ('290', '22'), ('290', '27'), ('292', '1'), ('292', '19'), ('293', '25'), ('293', '28'), ('294', '22'), ('294', '28'), ('295', '7'), ('295', '12'), ('295', '13'), ('295', '21'), ('296', '6'), ('296', '7'), ('296', '13'), ('296', '14'), ('297', '11'), ('297', '28'), ('298', '3'), ('298', '6'), ('298', '29'), ('299', '5'), ('299', '6'), ('299', '29'), ('300', '6'), ('300', '11'), ('300', '19'), ('301', '5'), ('301', '6'), ('301', '7'), ('302', '6'), ('302', '7'), ('302', '8'), ('303', '1'), ('303', '12'), ('303', '16'), ('303', '17'), ('304', '3'), ('304', '15'), ('304', '17'), ('305', '3'), ('305', '6'), ('305', '17'), ('306', '6'), ('307', '5'), ('307', '7'), ('307', '13'), ('307', '27'), ('308', '2'), ('308', '6'), ('308', '7'), ('308', '14'), ('308', '21'), ('309', '22'), ('309', '27'), ('309', '29'), ('310', '2'), ('310', '6'), ('310', '14'), ('310', '27'), ('311', '1'), ('311', '6'), ('312', '11'), ('312', '28'), ('313', '3'), ('313', '5'), ('313', '6'), ('313', '29'), ('315', '1'), ('315', '17'), ('316', '3'), ('316', '10'), ('316', '17'), ('317', '1'), ('317', '9'), ('317', '13'), ('317', '25'), ('318', '14'), ('318', '26'), ('319', '1'), ('319', '6'), ('319', '9'), ('320', '8'), ('320', '14'), ('321', '1'), ('321', '3'), ('321', '8'), ('322', '4'), ('322', '14'), ('322', '15'), ('323', '6'), ('323', '8'), ('323', '10'), ('324', '1'), ('324', '3'), ('324', '11'), ('325', '5'), ('325', '6'), ('325', '29'), ('326', '4'), ('326', '10'), ('326', '14'), ('326', '15'), ('326', '29'), ('327', '7'), ('327', '8'), ('327', '10'), ('328', '2'), ('328', '3'), ('328', '6'), ('328', '16'), ('329', '1'), ('329', '4'), ('329', '6'), ('329', '10'), ('330', '3'), ('330', '8'), ('330', '20'), ('331', '1'), ('331', '3'), ('331', '7'), ('331', '20'), ('332', '1'), ('332', '5'), ('332', '15'), ('333', '6'), ('333', '10'), ('333', '14'), ('333', '15'), ('334', '5'), ('334', '8'), ('334', '21'), ('335', '1'), ('335', '8'), ('336', '6'), ('336', '11'), ('336', '19'), ('337', '3'), ('337', '6'), ('337', '12'), ('337', '17'), ('338', '4'), ('338', '12'), ('338', '17'), ('339', '14'), ('339', '15'), ('339', '26'), ('340', '3'), ('340', '17'), ('341', '7'), ('341', '9'), ('341', '10'), ('341', '11'), ('342', '7'), ('342', '16'), ('342', '20'), ('343', '1'), ('343', '3'), ('343', '6'), ('343', '27'), ('344', '2'), ('344', '3'), ('345', '8'), ('345', '14'), ('345', '16'), ('346', '1'), ('346', '6'), ('346', '7'), ('347', '3'), ('347', '17'), ('347', '25'), ('348', '11'), ('348', '13'), ('348', '22'), ('348', '27'), ('349', '6'), ('349', '10'), ('350', '5'), ('350', '6'), ('350', '27'), ('350', '29'), ('351', '10'), ('351', '15'), ('352', '1'), ('352', '3'), ('352', '8'), ('352', '14'), ('352', '20'), ('353', '1'), ('353', '6'), ('353', '10'), ('354', '1'), ('354', '9'), ('354', '12'), ('355', '3'), ('355', '5'), ('355', '8'), ('355', '11'), ('355', '19'), ('356', '1'), ('356', '3'), ('356', '11'), ('357', '1'), ('357', '9'), ('357', '13'), ('357', '16'), ('358', '6'), ('358', '10'), ('358', '14'), ('358', '27'), ('358', '29'), ('359', '1'), ('359', '22'), ('359', '27'), ('360', '3'), ('360', '6'), ('360', '7'), ('360', '11'), ('361', '5'), ('361', '14'), ('361', '15'), ('361', '16'), ('362', '7'), ('362', '10'), ('362', '13'), ('363', '25'), ('363', '27'), ('364', '1'), ('364', '10'), ('364', '14'), ('364', '16'), ('365', '9'), ('365', '10'), ('365', '16'), ('366', '6'), ('366', '21'), ('367', '8'), ('367', '21'), ('368', '8'), ('368', '21'), ('369', '14'), ('369', '15'), ('369', '16'), ('370', '5'), ('370', '14'), ('370', '16'), ('370', '27'), ('370', '29'), ('371', '7'), ('371', '19'), ('371', '20'), ('373', '22'), ('373', '25'), ('373', '27'), ('374', '22'), ('374', '25'), ('374', '27'), ('375', '1'), ('375', '3'), ('375', '6'), ('376', '1'), ('376', '8'), ('376', '10'), ('376', '29'), ('377', '6'), ('377', '10'), ('378', '6'), ('378', '7'), ('378', '10'), ('379', '1'), ('379', '14'), ('380', '1'), ('380', '6'), ('380', '10'), ('381', '6'), ('381', '7'), ('381', '20'), ('381', '21'), ('382', '1'), ('382', '3'), ('382', '17'), ('383', '1'), ('383', '3'), ('383', '17'), ('384', '1'), ('384', '6'), ('384', '10'), ('385', '5'), ('385', '14'), ('385', '16'), ('385', '25'), ('385', '27'), ('386', '6'), ('386', '8'), ('386', '10'), ('386', '19'), ('387', '1'), ('387', '6'), ('387', '27'), ('388', '6'), ('388', '7'), ('388', '14'), ('389', '1'), ('389', '7'), ('389', '8'), ('389', '9'), ('391', '6'), ('391', '7'), ('392', '1'), ('392', '3'), ('392', '7'), ('392', '29'), ('393', '11'), ('393', '24'), ('394', '1'), ('394', '9'), ('394', '10'), ('394', '12'), ('395', '3'), ('395', '6'), ('395', '14'), ('395', '16'), ('396', '1'), ('396', '14'), ('396', '27'), ('397', '7'), ('397', '20'), ('397', '25'), ('398', '7'), ('398', '14'), ('398', '27'), ('399', '1'), ('399', '7'), ('399', '27'), ('400', '7'), ('400', '14'), ('400', '19'), ('401', '3'), ('401', '7'), ('401', '24'), ('402', '5'), ('402', '6'), ('402', '8'), ('403', '3'), ('403', '14'), ('403', '17'), ('403', '19'), ('404', '4'), ('404', '14'), ('404', '22'), ('405', '1'), ('405', '7'), ('405', '25'), ('406', '1'), ('406', '7'), ('406', '12'), ('407', '3'), ('407', '6'), ('407', '8'), ('408', '1'), ('408', '3'), ('408', '8'), ('409', '1'), ('409', '6'), ('409', '17'), ('410', '6'), ('410', '8'), ('410', '14'), ('411', '8'), ('412', '3'), ('412', '8'), ('413', '1'), ('413', '11'), ('414', '9'), ('414', '10'), ('415', '1'), ('415', '6'), ('415', '7'), ('415', '10'), ('416', '1'), ('416', '6'), ('416', '7'), ('416', '10'), ('417', '7'), ('417', '9'), ('417', '10'), ('417', '16'), ('418', '8'), ('418', '9'), ('418', '21'), ('418', '24'), ('419', '6'), ('419', '7'), ('419', '12'), ('420', '8'), ('420', '16'), ('420', '25'), ('421', '7'), ('421', '21'), ('422', '1'), ('422', '6'), ('422', '7'), ('423', '1'), ('423', '7'), ('423', '10'), ('423', '19'), ('424', '1'), ('424', '4'), ('424', '12'), ('424', '14'), ('425', '1'), ('425', '14'), ('426', '13'), ('426', '14'), ('426', '16'), ('427', '14'), ('427', '16'), ('427', '17'), ('428', '13'), ('428', '14'), ('428', '16'), ('429', '6'), ('429', '26'), ('430', '6'), ('430', '14'), ('430', '19'), ('431', '1'), ('431', '3'), ('432', '6'), ('432', '7'), ('432', '15'), ('433', '10'), ('433', '15'), ('433', '25'), ('433', '28'), ('434', '4'), ('434', '13'), ('435', '3'), ('435', '4'), ('435', '6'), ('435', '14'), ('436', '1'), ('436', '5'), ('437', '17'), ('438', '3'), ('438', '14'), ('438', '17'), ('439', '10'), ('439', '19'), ('440', '11'), ('440', '20'), ('441', '11'), ('441', '19'), ('442', '9'), ('442', '20'), ('442', '21'), ('442', '27'), ('443', '1'), ('443', '7'), ('444', '8'), ('444', '22'), ('444', '23'), ('445', '3'), ('445', '14'), ('445', '16'), ('445', '17'), ('445', '26'), ('446', '13'), ('446', '16'), ('447', '3'), ('447', '14'), ('447', '17'), ('447', '20'), ('448', '1'), ('448', '3'), ('448', '17'), ('449', '1'), ('449', '3'), ('449', '27'), ('450', '21'), ('450', '22'), ('450', '27'), ('451', '1'), ('451', '3'), ('451', '17'), ('452', '1'), ('452', '9'), ('452', '10'), ('453', '1'), ('453', '7'), ('453', '10'), ('454', '1'), ('454', '3'), ('454', '7'), ('455', '1'), ('455', '10'), ('455', '11'), ('455', '19'), ('456', '6'), ('456', '7'), ('456', '10'), ('457', '6'), ('457', '15'), ('457', '16'), ('458', '1'), ('458', '7'), ('458', '9'), ('458', '30'), ('459', '6'), ('459', '21'), ('460', '3'), ('460', '8'), ('460', '21'), ('461', '6'), ('461', '21'), ('462', '6'), ('462', '7'), ('462', '13'), ('462', '16'), ('463', '1'), ('463', '3'), ('463', '6'), ('463', '17'), ('464', '8'), ('464', '11'), ('464', '20'), ('464', '21'), ('465', '6'), ('465', '7'), ('465', '8'), ('465', '10'), ('466', '1'), ('466', '5'), ('466', '27'), ('467', '3'), ('467', '4'), ('467', '6'), ('467', '14'), ('468', '1'), ('468', '7'), ('468', '11'), ('469', '1'), ('469', '7'), ('469', '14'), ('469', '19'), ('470', '3'), ('470', '4'), ('470', '12'), ('470', '16'), ('471', '4'), ('471', '10'), ('471', '13'), ('471', '14'), ('472', '3'), ('472', '13'), ('472', '22'), ('472', '27'), ('473', '1'), ('473', '7'), ('473', '21'), ('473', '27'), ('473', '29'), ('474', '5'), ('474', '6'), ('474', '21'), ('474', '25'), ('474', '27'), ('475', '9'), ('475', '10'), ('475', '14'), ('475', '16'), ('475', '17'), ('476', '7'), ('476', '13'), ('476', '16'), ('477', '3'), ('477', '6'), ('477', '10'), ('477', '19'), ('478', '21'), ('478', '22'), ('478', '25'), ('479', '8'), ('479', '21'), ('479', '22'), ('479', '25'), ('480', '6'), ('480', '8'), ('480', '12'), ('481', '3'), ('481', '17'), ('482', '1'), ('482', '7'), ('482', '10'), ('482', '25'), ('483', '3'), ('483', '9'), ('483', '14'), ('483', '25'), ('483', '27'), ('484', '7'), ('484', '9'), ('484', '16'), ('484', '20'), ('484', '21'), ('485', '5'), ('485', '6'), ('485', '8'), ('485', '14'), ('486', '3'), ('486', '6'), ('486', '7'), ('486', '9'), ('486', '10'), ('487', '3'), ('487', '4'), ('487', '14'), ('487', '15'), ('487', '20'), ('488', '1'), ('488', '3'), ('488', '8'), ('488', '20'), ('489', '3'), ('489', '8'), ('489', '12'), ('489', '14'), ('489', '22'), ('490', '3'), ('490', '6'), ('490', '17'), ('491', '1'), ('491', '7'), ('491', '9'), ('491', '10'), ('492', '1'), ('492', '6'), ('492', '7'), ('492', '14'), ('492', '15'), ('493', '7'), ('493', '13'), ('493', '16'), ('493', '29'), ('494', '3'), ('494', '14'), ('494', '24'), ('495', '5'), ('495', '6'), ('495', '15'), ('496', '3'), ('496', '6'), ('496', '14'), ('496', '25'), ('496', '27'), ('497', '3'), ('497', '6'), ('497', '17'), ('498', '5'), ('498', '10'), ('498', '14'), ('498', '19'), ('499', '3'), ('499', '5'), ('499', '6'), ('499', '14'), ('500', '1'), ('500', '7'), ('500', '10'), ('501', '14'), ('501', '27'), ('502', '3'), ('502', '5'), ('502', '6'), ('502', '11'), ('503', '3'), ('503', '6'), ('503', '10'), ('503', '27'), ('503', '29'), ('504', '3'), ('504', '6'), ('504', '10'), ('504', '11'), ('505', '1'), ('505', '6'), ('506', '3'), ('506', '5'), ('506', '6'), ('506', '14'), ('507', '3'), ('507', '14'), ('507', '17'), ('508', '2'), ('508', '3'), ('508', '9'), ('508', '14'), ('508', '21'), ('509', '1'), ('509', '7'), ('509', '26'), ('510', '1'), ('510', '9'), ('511', '1'), ('511', '6'), ('511', '19'), ('511', '20'), ('512', '1'), ('512', '9'), ('512', '10'), ('512', '14'), ('512', '16'), ('513', '3'), ('513', '8'), ('513', '22'), ('514', '1'), ('514', '3'), ('514', '5'), ('514', '10'), ('514', '29'), ('515', '1'), ('515', '3'), ('515', '12'), ('515', '17'), ('516', '7'), ('516', '9'), ('516', '30'), ('517', '1'), ('517', '7'), ('517', '21'), ('518', '3'), ('518', '6'), ('518', '8'), ('518', '14'), ('519', '7'), ('519', '10'), ('519', '13'), ('519', '29'), ('520', '1'), ('520', '14'), ('520', '15'), ('521', '3'), ('521', '14'), ('521', '17'), ('522', '1'), ('522', '5'), ('522', '6'), ('523', '3'), ('523', '10'), ('523', '17'), ('524', '1'), ('524', '3'), ('524', '16'), ('525', '1'), ('525', '9'), ('525', '13'), ('525', '30'), ('526', '3'), ('526', '6'), ('526', '10'), ('526', '23'), ('527', '3'), ('527', '8'), ('527', '10'), ('527', '21'), ('528', '3'), ('528', '9'), ('528', '16'), ('528', '29'), ('529', '3'), ('529', '6'), ('530', '7'), ('530', '13'), ('530', '14'), ('530', '16'), ('531', '3'), ('531', '6'), ('532', '6'), ('532', '7'), ('532', '27'), ('533', '7'), ('533', '9'), ('533', '10'), ('534', '7'), ('534', '9'), ('534', '10'), ('535', '1'), ('535', '9'), ('535', '30'), ('536', '3'), ('536', '6'), ('536', '14'), ('537', '5'), ('537', '14'), ('537', '15'), ('538', '4'), ('538', '15'), ('538', '16'), ('539', '1'), ('539', '3'), ('539', '7'), ('540', '3'), ('540', '6'), ('540', '11'), ('540', '19'), ('541', '1'), ('541', '7'), ('541', '10'), ('542', '10'), ('542', '27'), ('542', '29'), ('543', '3'), ('543', '25'), ('544', '4'), ('544', '6'), ('544', '14'), ('544', '17'), ('545', '9'), ('545', '16'), ('545', '27'), ('545', '30'), ('546', '8'), ('546', '11'), ('546', '21'), ('547', '6'), ('547', '7'), ('547', '8'), ('547', '25'), ('548', '3'), ('548', '6'), ('548', '7'), ('549', '6'), ('549', '11'), ('549', '21'), ('549', '27'), ('550', '3'), ('550', '6'), ('550', '11'), ('551', '1'), ('551', '5'), ('551', '7'), ('551', '29'), ('552', '3'), ('552', '8'), ('552', '10'), ('552', '12'), ('552', '17'), ('553', '6'), ('553', '8'), ('553', '10'), ('553', '29'), ('554', '7'), ('554', '9'), ('554', '10'), ('554', '19'), ('555', '1'), ('555', '7'), ('555', '9'), ('555', '12'), ('555', '14'), ('555', '19'), ('556', '1'), ('556', '3'), ('556', '6'), ('556', '14'), ('557', '1'), ('557', '7'), ('557', '10'), ('558', '6'), ('558', '17'), ('559', '1'), ('559', '7'), ('559', '10'), ('560', '1'), ('560', '7'), ('560', '12'), ('561', '6'), ('561', '10'), ('562', '3'), ('562', '5'), ('562', '6'), ('562', '10'), ('563', '1'), ('563', '12'), ('563', '16'), ('564', '7'), ('564', '9'), ('564', '16'), ('564', '20'), ('565', '1'), ('565', '3'), ('565', '7'), ('565', '17'), ('565', '21'), ('566', '6'), ('566', '7'), ('566', '8'), ('566', '9'), ('567', '9'), ('567', '13'), ('567', '16'), ('568', '3'), ('568', '8'), ('568', '17');
COMMIT;

-- ----------------------------
--  Table structure for `films`
-- ----------------------------
DROP TABLE IF EXISTS `films`;
CREATE TABLE `films` (
  `code_film` int(11) NOT NULL AUTO_INCREMENT,
  `titre_original` varchar(50) DEFAULT NULL,
  `titre_francais` varchar(50) DEFAULT NULL,
  `pays` varchar(20) DEFAULT NULL,
  `date` int(11) DEFAULT NULL,
  `duree` int(11) DEFAULT NULL,
  `couleur` varchar(10) DEFAULT NULL,
  `realisateur` int(11) DEFAULT NULL,
  `image` varchar(20) DEFAULT NULL,
  PRIMARY KEY (`code_film`),
  KEY `IDX_CEECCA5147933EFE` (`realisateur`),
  CONSTRAINT `FK_CEECCA5147933EFE` FOREIGN KEY (`realisateur`) REFERENCES `individus` (`code_indiv`)
) ENGINE=InnoDB AUTO_INCREMENT=569 DEFAULT CHARSET=latin1;

-- ----------------------------
--  Records of `films`
-- ----------------------------
BEGIN;
INSERT INTO `films` VALUES ('1', 'Pandora and the flying Dutchman', 'Pandora', 'Angleterre', '1951', '120', 'couleur', '7', 'img/1.jpg'), ('2', 'Johnny Guitar', 'Johnny Guitar', 'USA', '1954', '105', 'couleur', '8', 'img/2.jpg'), ('3', 'Woman under the Influence (A)', 'Femme sous influence (Une)', 'USA', '1974', '140', 'couleur', '9', 'img/3.jpg'), ('4', 'Apartment (The)', 'Garçonnière (La)', 'USA', '1960', '120', 'NB', '10', 'img/4.jpg'), ('5', 'Victor/Victoria', 'Victor/Victoria', 'USA', '1982', '129', 'couleur', '11', 'img/no-image.jpg'), ('6', 'Modern Times', 'Temps modernes (Les)', 'USA', '1936', '100', 'NB', '12', 'img/6.jpg'), ('7', 'Mépris (Le)', 'Mépris (Le)', 'France', '1963', '105', 'couleur', '13', 'img/7.jpg'), ('8', 'Jour de fête', 'Jour de fête', 'France', '1948', '76', 'couleur', '14', 'img/8.jpg'), ('9', 'Olvidados (Los)', 'Olvidados (Los)', 'Mexique', '1950', '80', 'NB', '15', 'img/9.jpg'), ('10', 'West Side Story', 'West Side Story', 'USA', '1961', '145', 'couleur', '16', 'img/10.jpg'), ('11', 'Jour se lève (Le)', 'Jour se lève (Le)', 'France', '1939', '86', 'NB', '17', 'img/11.jpg'), ('12', 'Lolita', 'Lolita', 'USA', '1962', '147', 'NB', '18', 'img/12.jpg'), ('13', 'Piano (The)', 'Leçon de piano (La)', 'Nouvelle-Zélande', '1993', '115', 'couleur', '19', 'img/13.jpg'), ('14', 'Demoiselles de Rochefort (Les)', 'Demoiselles de Rochefort (Les)', 'France', '1967', '120', 'couleur', '20', 'img/14.jpg'), ('15', 'Kind Hearts and Coronets', 'Noblesse oblige', 'Angleterre', '1949', '103', 'NB', '21', 'img/15.jpg'), ('16', 'Vincent, François, Paul et les autres', 'Vincent, François, Paul et les autres', 'France', '1974', '109', 'couleur', '22', 'img/16.jpg'), ('17', 'Ville est tranquille (La)', 'Ville est tranquille (La)', 'France', '2000', '89', 'couleur', '23', 'img/17.jpg'), ('18', 'Twelve Monkeys', 'Armée des 12 singes (L\')', 'USA', '1995', '125', 'couleur', '24', 'img/18.jpg'), ('19', 'Valseuses (Les)', 'Valseuses (Les)', 'France', '1974', '103', 'couleur', '25', 'img/19.jpg'), ('20', 'Strangers on a Train', 'Inconnu du Nord-Express (L\')', 'USA', '1951', '97', 'NB', '26', 'img/20.jpg'), ('21', 'Mari de la coiffeuse (Le)', 'Mari de la coiffeuse (Le)', 'France', '1990', '92', 'couleur', '28', 'img/21.jpg'), ('22', 'El', 'El', 'Mexique', '1952', '100', 'NB', '15', 'img/22.jpg'), ('23', 'Ensayo de un crimen', 'Vie criminelle d\'Archibald de la Cruz (La)', 'Mexique', '1955', '91', 'NB', '15', 'img/23.jpg'), ('25', 'Gold Rush (The)', 'Ruée vers l\'or (La)', 'USA', '1925', '98', 'NB', '12', 'img/25.jpg'), ('26', 'Plein Soleil', 'Plein Soleil', 'France', '1960', '113', 'couleur', '81', 'img/26.jpg'), ('27', 'Yi Yi', 'Yi Yi', 'Taiwan', '2000', '170', 'couleur', '80', 'img/27.jpg'), ('28', 'Chicken run', 'Chicken run', 'Angleterre', '2000', '81', 'couleur', '85', 'img/28.jpg'), ('29', 'Chong qing sen lin', 'Chungking Express', 'Chine-Hong-Kong', '1994', '100', 'couleur', '90', 'img/29.jpg'), ('30', 'Tacones lejanos', 'Talons aiguilles', 'Espagne', '1991', '115', 'couleur', '89', 'img/30.jpg'), ('33', 'Höstsonaten', 'Sonate d\'automne', 'Suède', '1978', '89', 'couleur', '93', 'img/33.jpg'), ('34', 'Sasom i en spegel', 'A travers le miroir', 'Suède', '1961', '86', 'NB', '93', 'img/34.jpg'), ('35', 'Night of the Hunter (The)', 'Nuit du chasseur (La)', 'USA', '1955', '89', 'NB', '99', 'img/35.jpg'), ('36', 'Barefoot Contessa (The)', 'Comtesse aux pieds nus (La)', 'USA', '1954', '125', 'couleur', '100', 'img/36.jpg'), ('37', 'Himmel über Berlin (Der)', 'Ailes du désir (Les)', 'Allemagne', '1987', '127', 'NB/couleur', '103', 'img/37.jpg'), ('38', 'Pierrot le fou', 'Pierrot le fou', 'France', '1965', '110', 'couleur', '13', 'img/38.jpg'), ('39', 'Eyes Wide Shut', 'Eyes Wide Shut', 'USA', '1999', '159', 'couleur', '18', 'img/39.jpg'), ('40', 'North by Northwest', 'Mort aux trousses (La)', 'USA', '1959', '136', 'couleur', '26', 'img/40.jpg'), ('41', 'Big Sleep (The)', 'Grand sommeil (Le)', 'USA', '1946', '116', 'NB', '112', 'img/41.jpg'), ('42', 'Made in USA', 'Made in USA', 'France', '1966', '91', 'couleur', '13', 'img/42.jpg'), ('43', '2001: A Space Odyssey', '2001, l\'Odyssée de l\'espace', 'USA', '1968', '139', 'couleur', '18', 'img/43.jpg'), ('44', 'Spider-man', 'Spider-man', 'USA', '2002', '121', 'couleur', '117', 'img/44.jpg'), ('45', 'Vacances de M. Hulot (Les)', 'Vacances de M. Hulot (Les)', 'France', '1953', '114', 'NB', '14', 'img/45.jpg'), ('46', 'Vie rêvée des anges (La)', 'Vie rêvée des anges (La)', 'France', '1998', '113', 'couleur', '121', 'img/46.jpg'), ('47', 'Parapluies de Cherbourg (Les)', 'Parapluies de Cherbourg (Les)', 'France', '1964', '87', 'couleur', '20', 'img/47.jpg'), ('48', 'Règle du jeu (La)', 'Règle du jeu (La)', 'France', '1939', '110', 'NB', '126', 'img/48.jpg'), ('49', 'Persona', 'Persona', 'Suède', '1966', '85', 'NB', '93', 'img/49.jpg'), ('50', 'Viskningar och rop', 'Cris et chuchotements', 'Suède', '1972', '106', 'couleur', '93', 'img/50.jpg'), ('51', 'Sommaren met Monika', 'Monika', 'Suède', '1953', '96', 'NB', '93', 'img/no-image.jpg'), ('52', 'Mon oncle d\'Amérique', 'Mon oncle d\'Amérique', 'France', '1980', '120', 'couleur', '132', 'img/52.jpg'), ('53', 'Sommarlek', 'Jeux d\'été', 'Suède', '1951', '96', 'NB', '93', 'img/53.jpg'), ('54', 'Dolce vita (La)', 'Dolce vita (La)', 'Italie', '1960', '167', 'NB', '135', 'img/54.jpg'), ('55', 'Törst', 'Soif (La) / Fontaine d\'Arethuse (La)', 'Suède', '1949', '83', 'NB', '93', 'img/55.jpg'), ('56', 'Annie Hall', 'Annie Hall', 'USA', '1977', '93', 'couleur', '139', 'img/56.jpg'), ('57', 'Strada (La)', 'Strada (La)', 'Italie', '1954', '108', 'NB', '135', 'img/57.jpg'), ('58', 'On connaît la chanson', 'On connaît la chanson', 'France', '1997', '120', 'couleur', '132', 'img/58.jpg'), ('59', 'Limelight', 'Feux de la rampe (Les)', 'USA', '1952', '141', 'NB', '12', 'img/59.jpg'), ('60', 'Purple Rose of Cairo (The)', 'Rose pourpre du Caire (La)', 'USA', '1985', '84', 'couleur', '139', 'img/60.jpg'), ('61', 'Goût des autres (Le)', 'Goût des autres (Le)', 'France', '2000', '112', 'couleur', '146', 'img/61.jpg'), ('62', 'Humanité (L\')', 'Humanité (L\')', 'France', '1999', '148', 'couleur', '157', 'img/62.jpg'), ('63', 'Some Like It Hot', 'Certains l\'aiment chaud', 'USA', '1959', '120', 'NB', '10', 'img/63.jpg'), ('64', 'Raging Bull', 'Raging Bull', 'USA', '1980', '129', 'couleur', '160', 'img/64.jpg'), ('65', 'Rear Window', 'Fenêtre sur cour', 'USA', '1954', '112', 'couleur', '26', 'img/65.jpg'), ('66', 'Vertigo', 'Sueurs froides', 'USA', '1958', '128', 'couleur', '26', 'img/66.jpg'), ('68', 'All about Eve', 'Eve', 'USA', '1950', '138', 'NB', '100', 'img/68.jpg'), ('69', 'Third Man (The)', 'Troisième homme (Le)', 'Angleterre', '1949', '104', 'NB', '172', 'img/69.jpg'), ('70', 'Quai des orfèvres', 'Quai des orfèvres', 'France', '1947', '102', 'NB', '173', 'img/70.jpg'), ('71', 'To Be or Not to Be', 'To Be or Not to Be', 'USA', '1942', '99', 'NB', '177', 'img/71.jpg'), ('72', 'Mulholland Dr.', 'Mulholland drive', 'USA', '2001', '145', 'couleur', '179', 'img/72.jpg'), ('73', 'Chaos', 'Chaos', 'France', '2001', '109', 'couleur', '180', 'img/73.jpg'), ('74', 'French Lieutenant\'s Woman (The)', 'Maîtresse du Lieutenant français (La)', 'Angleterre', '1981', '127', 'couleur', '184', 'img/74.jpg'), ('75', 'Carmen', 'Carmen', 'France', '1984', '152', 'couleur', '187', 'img/75.jpg'), ('76', 'Excalibur', 'Excalibur', 'Angleterre', '1981', '140', 'couleur', '191', 'img/76.jpg'), ('77', 'Femme d\'à côté (La)', 'Femme d\'à côté (La)', 'France', '1981', '106', 'couleur', '193', 'img/77.jpg'), ('78', 'EXistenZ', 'EXistenZ', 'Canada', '1999', '97', 'couleur', '194', 'img/78.jpg'), ('79', 'Breaking the Waves', 'Breaking the Waves', 'Danemark', '1996', '159', 'couleur', '198', 'img/79.jpg'), ('80', 'Minority Report', 'Minority Report', 'USA', '2002', '145', 'couleur', '203', 'img/80.jpg'), ('81', 'Conte d\'hiver', 'Conte d\'hiver', 'France', '1992', '114', 'couleur', '204', 'img/81.jpg'), ('82', 'Conte d\'automne', 'Conte d\'automne', 'France', '1998', '112', 'couleur', '204', 'img/82.jpg'), ('83', 'Trois couleurs : rouge', 'Trois couleurs : rouge', 'France', '1994', '99', 'couleur', '205', 'img/83.jpg'), ('84', 'Trois couleurs : blanc', 'Trois couleurs : blanc', 'France', '1994', '91', 'couleur', '205', 'img/84.jpg'), ('85', 'Trois couleurs : bleu', 'Trois couleurs : bleu', 'France', '1993', '100', 'couleur', '205', 'img/85.jpg'), ('86', 'Birds (The)', 'Oiseaux (Les)', 'USA', '1963', '119', 'couleur', '26', 'img/86.jpg'), ('87', 'Man Who Knew Too Much (The)', 'Homme qui en savait trop (L\')', 'USA', '1956', '120', 'couleur', '26', 'img/87.jpg'), ('88', 'Star Is Born (A)', 'Etoile est née (Une)', 'USA', '1954', '181', 'couleur', '213', 'img/88.jpg'), ('89', 'Edward Scissorhands', 'Edward aux mains d\'argent', 'USA', '1990', '105', 'couleur', '216', 'img/89.jpg'), ('90', 'Roma', 'Fellini Roma', 'Italie', '1972', '128', 'couleur', '135', 'img/90.jpg'), ('91', 'King Kong', 'King Kong', 'USA', '1933', '100', 'NB', '219', 'img/91.jpg'), ('92', 'Hable con ella', 'Parle avec elle', 'Espagne', '2002', '112', 'couleur', '89', 'img/92.jpg'), ('93', 'Singin\' in the Rain', 'Chantons sous la pluie', 'USA', '1952', '103', 'couleur', '220', 'img/no-image.jpg'), ('94', 'Miller\'s Crossing', 'Miller\'s Crossing', 'USA', '1990', '115', 'couleur', '222', 'img/94.jpg'), ('95', 'Ressources humaines', 'Ressources humaines', 'France', '1999', '100', 'couleur', '226', 'img/95.jpg'), ('96', 'Citizen Kane', 'Citizen Kane', 'USA', '1941', '119', 'NB', '171', 'img/96.jpg'), ('97', 'Wizard of Oz (The)', 'Magicien d\'Oz (Le)', 'USA', '1939', '101', 'NB/couleur', '228', 'img/97.jpg'), ('98', 'My Fair Lady', 'My fair Lady', 'USA', '1964', '170', 'couleur', '213', 'img/no-image.jpg'), ('99', 'American in Paris (An)', 'Américain à Paris (Un)', 'USA', '1951', '113', 'couleur', '229', 'img/99.jpg'), ('100', 'Dr. Strangelove', 'Dr Folamour', 'USA', '1964', '93', 'NB', '18', 'img/100.jpg'), ('101', 'Nosferatu, eine Symphonie des Grauens', 'Nosferatu', 'Allemagne', '1922', '94', 'NB', '233', 'img/101.jpg'), ('102', 'Great Dictator (The)', 'Dictateur (Le)', 'USA', '1940', '124', 'NB', '12', 'img/102.jpg'), ('103', 'Trouble in Mind', 'Wanda\'s cafe', 'USA', '1985', '107', 'couleur', '235', 'img/103.jpg'), ('104', 'A bout de souffle', 'A bout de souffle', 'France', '1960', '87', 'NB', '13', 'img/104.jpg'), ('105', 'Parade', 'Parade', 'France', '1974', '84', 'couleur', '14', 'img/105.jpg'), ('106', 'Nuit américaine (La)', 'Nuit américaine (La)', 'France', '1973', '115', 'couleur', '193', 'img/106.jpg'), ('107', 'Husbands and Wives', 'Maris et femmes', 'USA', '1992', '108', 'couleur', '139', 'img/107.jpg'), ('108', 'Ikiru', 'Vivre', 'Japon', '1952', '143', 'NB', '242', 'img/108.jpg'), ('110', 'Shichinin no samurai', 'Sept samouraïs (Les)', 'Japon', '1954', '160', 'NB', '242', 'img/110.jpg'), ('111', 'Viaggio in Italia', 'Voyage en Italie', 'Italie', '1953', '79', 'NB', '244', 'img/111.jpg'), ('112', 'Teorema', 'Théorème', 'Italie', '1968', '98', 'NB/couleur', '245', 'img/112.jpg'), ('113', 'Blaue Engel (Der)', 'Ange bleu (L\')', 'Allemagne', '1930', '99', 'NB', '251', 'img/113.jpg'), ('114', 'Letter from an unknown Woman', 'Lettre d\'une inconnue', 'USA', '1948', '86', 'NB', '252', 'img/114.jpg'), ('115', 'Zelig', 'Zelig', 'USA', '1983', '79', 'NB/couleur', '139', 'img/115.jpg'), ('116', 'Hannah and her Sisters', 'Hannah et ses soeurs', 'USA', '1986', '103', 'couleur', '139', 'img/116.jpg'), ('117', 'Crimes and Misdemeanors', 'Crimes et délits', 'USA', '1989', '107', 'couleur', '139', 'img/117.jpg'), ('118', 'Radio Days', 'Radio Days', 'USA', '1987', '85', 'couleur', '139', 'img/118.jpg'), ('119', 'Casablanca', 'Casablanca', 'USA', '1942', '102', 'NB', '261', 'img/119.jpg'), ('120', 'Elephant man', 'Elephant man', 'Angleterre', '1980', '124', 'NB', '179', 'img/120.jpg'), ('121', 'Rendez-vous de juillet', 'Rendez-vous de juillet', 'France', '1949', '112', 'NB', '267', 'img/121.jpg'), ('122', 'Corbeau (Le)', 'Corbeau (Le)', 'France', '1943', '92', 'NB', '173', 'img/no-image.jpg'), ('123', 'Ran', 'Ran', 'Japon', '1985', '160', 'couleur', '242', 'img/123.jpg'), ('124', 'Seven Year Itch (The)', 'Sept ans de réflexion', 'USA', '1955', '105', 'couleur', '10', 'img/124.jpg'), ('125', 'Hangmen Also Die', 'Bourreaux meurent aussi (Les)', 'USA', '1943', '140', 'NB', '43', 'img/125.jpg'), ('126', 'Paisa', 'Paisa', 'Italie', '1946', '120', 'NB', '244', 'img/126.jpg'), ('127', 'Letzte Mann (Der)', 'Dernier des hommes (Le)', 'Allemagne', '1924', '77', 'NB', '233', 'img/127.jpg'), ('128', 'Jalsaghar', 'Salon de musique (Le)', 'Inde', '1958', '100', 'NB', '271', 'img/128.jpg'), ('129', 'Fa yeung nin wa', 'In the mood for love', 'Chine-Hong-Kong', '2000', '98', 'couleur', '90', 'img/129.jpg'), ('130', 'Dangerous Liaisons', 'Liaisons dangereuses (Les)', 'USA', '1988', '119', 'couleur', '274', 'img/130.jpg'), ('131', 'Brazil', 'Brazil', 'Angleterre', '1985', '131', 'couleur', '24', 'img/131.jpg'), ('132', 'Grande illusion (La)', 'Grande illusion (La)', 'France', '1937', '114', 'NB', '126', 'img/132.jpg'), ('133', 'Bête humaine (La)', 'Bête humaine (La)', 'France', '1938', '100', 'NB', '126', 'img/133.jpg'), ('134', 'Cabaret', 'Cabaret', 'USA', '1972', '124', 'couleur', '282', 'img/134.jpg'), ('135', 'Traffic', 'Traffic', 'USA', '2000', '147', 'couleur', '285', 'img/135.jpg'), ('136', 'Carne trémula', 'En chair et en os', 'Espagne', '1997', '103', 'couleur', '89', 'img/136.jpg'), ('137', 'Exotica', 'Exotica', 'Canada', '1994', '103', 'couleur', '291', 'img/137.jpg'), ('138', 'Birth of a Nation', 'Naissance d\'une nation', 'USA', '1915', '125', 'NB', '293', 'img/138.jpg'), ('139', 'Intolerance', 'Intolérance', 'USA', '1916', '178', 'NB', '293', 'img/139.jpg'), ('140', 'Duck Soup', 'Soupe au canard (La)', 'USA', '1933', '70', 'NB', '296', 'img/140.jpg'), ('141', 'Ronde (La)', 'Ronde (La)', 'France', '1950', '95', 'NB', '252', 'img/141.jpg'), ('142', 'Oscar', 'Oscar', 'France', '1967', '85', 'couleur', '307', 'img/142.jpg'), ('143', 'Lady from Shanghai (The)', 'Dame de Shanghai (La)', 'USA', '1947', '87', 'NB', '171', 'img/143.jpg'), ('144', 'Gattopardo (Il)', 'Guépard (Le)', 'Italie', '1963', '205', 'couleur', '313', 'img/144.jpg'), ('145', 'Belle et la bête (La)', 'Belle et la bête (La)', 'France', '1946', '96', 'NB', '314', 'img/145.jpg'), ('146', 'Salaire de la peur (Le)', 'Salaire de la peur (Le)', 'France', '1953', '141', 'NB', '173', 'img/146.jpg'), ('147', 'Stage Door', 'Pension d\'artistes', 'USA', '1937', '92', 'NB', '319', 'img/no-image.jpg'), ('148', 'Ossessione', 'Amants diaboliques (Les)', 'Italie', '1943', '140', 'NB', '313', 'img/148.jpg'), ('149', 'Ladri di biciclette', 'Voleur de bicyclette (Le)', 'Italie', '1948', '93', 'NB', '323', 'img/149.jpg'), ('150', 'Stromboli', 'Stromboli', 'Italie', '1949', '107', 'NB', '244', 'img/150.jpg'), ('151', 'Enfant sauvage (L\')', 'Enfant sauvage (L\')', 'France', '1969', '83', 'NB', '193', 'img/151.jpg'), ('152', 'Clockwork Orange (A)', 'Orange mécanique', 'Angleterre', '1971', '137', 'couleur', '18', 'img/152.jpg'), ('153', 'Dune', 'Dune', 'USA', '1984', '137', 'couleur', '179', 'img/no-image.jpg'), ('154', 'Enfants du paradis (Les)', 'Enfants du paradis (Les)', 'France', '1945', '190', 'NB', '17', 'img/154.jpg'), ('155', 'Bread and Roses', 'Bread and Roses', 'Angleterre', '2000', '110', 'couleur', '332', 'img/155.jpg'), ('156', 'Room Service', 'Panique à l\'hôtel', 'USA', '1938', '78', 'NB', '334', 'img/156.jpg'), ('157', 'Boy with Green Hair (The)', 'Garçon aux cheveux verts (Le)', 'USA', '1948', '82', 'couleur', '335', 'img/157.jpg'), ('158', 'Angel Face', 'Si doux visage (Un)', 'USA', '1952', '91', 'NB', '336', 'img/158.jpg'), ('159', 'Most Dangerous Game (The)', 'Chasses du comte Zaroff (Les)', 'USA', '1932', '63', 'NB', '219', 'img/159.jpg'), ('160', 'Foolish Wives', 'Folies de femmes', 'USA', '1922', '117', 'NB', '279', 'img/160.jpg'), ('161', 'Kagemusha', 'Kagemusha', 'Japon', '1980', '179', 'couleur', '242', 'img/161.jpg'), ('162', 'Cleopatra', 'Cléopâtre', 'USA', '1963', '243', 'couleur', '100', 'img/162.jpg'), ('163', 'Kabinett des Doktor Caligari (Das)', 'Cabinet du docteur Caligari (Le)', 'Allemagne', '1920', '78', 'NB', '341', 'img/163.jpg'), ('164', 'Roma, città aperta', 'Rome, ville ouverte', 'Italie', '1945', '100', 'NB', '244', 'img/164.jpg'), ('165', 'Germania anno zero', 'Allemagne année zéro', 'Italie', '1948', '78', 'NB', '244', 'img/165.jpg'), ('166', 'Psycho', 'Psychose', 'USA', '1960', '109', 'NB', '26', 'img/166.jpg'), ('167', 'Wo hu cang long', 'Tigre et dragon', 'Chine-Hong-Kong', '2000', '120', 'couleur', '348', 'img/167.jpg'), ('168', 'Dekalog', 'Décalogue (Le)', 'Pologne', '1988', '550', 'couleur', '205', 'img/168.jpg'), ('169', 'It\'s a Wonderful Life', 'Vie est belle (La)', 'USA', '1946', '130', 'NB', '349', 'img/169.jpg'), ('170', 'Wallace & Gromit', 'Wallace & Gromit', 'Angleterre', '1995', '83', 'couleur', '85', 'img/170.jpg'), ('171', 'Notorious', 'Enchaînés (Les)', 'USA', '1946', '101', 'NB', '26', 'img/171.jpg'), ('172', 'Man Who Wasn\'t There (The)', 'Barber (The)', 'USA', '2001', '116', 'NB', '222', 'img/172.jpg'), ('173', 'Eureka', 'Eureka', 'Japon', '2000', '210', 'NB/couleur', '353', 'img/173.jpg'), ('174', 'They Shoot Horses, Don\'t They ?', 'On achève bien les chevaux', 'USA', '1969', '120', 'couleur', '240', 'img/174.jpg'), ('175', 'Dayereh', 'Cercle (Le)', 'Iran', '2000', '90', 'couleur', '355', 'img/175.jpg'), ('176', 'Barry Lyndon', 'Barry Lyndon', 'Angleterre', '1975', '184', 'couleur', '18', 'img/176.jpg'), ('177', 'Mies vailla menneisyyttä', 'Homme sans passé (L\')', 'Finlande', '2002', '97', 'couleur', '358', 'img/177.jpg'), ('178', 'Titanic', 'Titanic', 'USA', '1997', '194', 'couleur', '361', 'img/178.jpg'), ('179', 'A nos amours', 'A nos amours', 'France', '1983', '95', 'couleur', '364', 'img/179.jpg'), ('180', 'Van Gogh', 'Van Gogh', 'France', '1991', '158', 'couleur', '364', 'img/180.jpg'), ('181', 'Thomas Crown Affair (The)', 'Affaire Thomas Crown (L\')', 'USA', '1968', '102', 'couleur', '368', 'img/181.jpg'), ('182', 'Casino Royale', 'Casino Royale', 'USA', '1967', '131', 'couleur', '371', 'img/182.jpg'), ('183', 'Meglio gioventù (La)', 'Nos meilleures années', 'Italie', '2003', '400', 'couleur', '376', 'img/183.jpg'), ('184', 'Arrête ton char... bidasse !', 'Arrête ton char... bidasse !', 'France', '1977', '90', 'couleur', '380', 'img/184.jpg'), ('185', 'Gendarme de St Tropez (Le)', 'Gendarme de St Tropez (Le)', 'France', '1964', '92', 'NB/couleur', '384', 'img/no-image.jpg'), ('186', 'Orphée', 'Orphée', 'France', '1949', '112', 'NB', '314', 'img/186.jpg'), ('187', 'Pépé le Moko', 'Pépé le Moko', 'France', '1937', '90', 'NB', '389', 'img/187.jpg'), ('188', 'Crabe-tambour (Le)', 'Crabe-tambour (Le)', 'France', '1977', '120', 'couleur', '390', 'img/188.jpg'), ('189', 'Pouic-Pouic', 'Pouic-Pouic', 'France', '1963', '90', 'NB', '384', 'img/189.jpg'), ('190', 'Caro diario', 'Journal intime', 'Italie', '1994', '100', 'couleur', '394', 'img/190.jpg'), ('191', 'Jésus de Montréal', 'Jésus de Montréal', 'Canada', '1989', '118', 'couleur', '395', 'img/191.jpg'), ('192', 'Soliti ignoti (I)', 'Pigeon (Le)', 'Italie', '1958', '111', 'NB', '397', 'img/192.jpg'), ('193', 'One, Two, Three', 'Un, deux, trois', 'USA', '1961', '115', 'NB', '10', 'img/193.jpg'), ('194', 'Avanti !', 'Avanti !', 'USA', '1972', '140', 'couleur', '10', 'img/no-image.jpg'), ('195', 'Man Who Shot Liberty Valance (The)', 'Homme qui tua Liberty Valance (L\')', 'USA', '1962', '123', 'NB', '401', 'img/195.jpg'), ('196', '317ème section (La)', '317ème section (La)', 'France', '1965', '100', 'NB', '390', 'img/196.jpg'), ('197', 'Sjunde inseglet (Det)', 'Septième sceau (Le)', 'Suède', '1957', '96', 'NB', '93', 'img/197.jpg'), ('198', 'Apocalypse Now', 'Apocalypse Now', 'USA', '1979', '202', 'couleur', '405', 'img/198.jpg'), ('199', 'Mostri (I)', 'Monstres (Les)', 'Italie', '1963', '115', 'NB', '411', 'img/199.jpg'), ('200', 'Sorpasso (Il)', 'Fanfaron (Le)', 'Italie', '1962', '105', 'NB', '411', 'img/200.jpg'), ('201', 'Misfits (The)', 'Désaxés (Les)', 'USA', '1961', '124', 'NB', '371', 'img/201.jpg'), ('202', 'Rio Bravo', 'Rio Bravo', 'USA', '1959', '141', 'couleur', '112', 'img/202.jpg'), ('203', 'Scarlet Street', 'Rue rouge (La)', 'USA', '1945', '103', 'NB', '43', 'img/203.jpg'), ('204', 'Fitzcarraldo', 'Fitzcarraldo', 'Allemagne', '1982', '158', 'couleur', '422', 'img/204.jpg'), ('205', 'Roseaux sauvages (Les)', 'Roseaux sauvages (Les)', 'France', '1994', '110', 'couleur', '426', 'img/205.jpg'), ('206', 'Comment je me suis disputé... (ma vie sexuelle)', 'Comment je me suis disputé... (ma vie sexuelle)', 'France', '1996', '178', 'couleur', '427', 'img/206.jpg'), ('207', 'Quiet American (The)', 'Américain bien tranquille (Un)', 'USA', '1958', '120', 'NB', '100', 'img/207.jpg'), ('208', 'Godfather (The)', 'Parrain (Le)', 'USA', '1972', '175', 'couleur', '405', 'img/208.jpg'), ('209', 'Godfather: Part II (The)', 'Parrain II (Le)', 'USA', '1974', '200', 'couleur', '405', 'img/209.jpg'), ('210', 'Godfather: Part III (The)', 'Parrain III (Le)', 'USA', '1990', '162', 'couleur', '405', 'img/210.jpg'), ('211', 'Duel in the Sun', 'Duel au soleil', 'USA', '1946', '138', 'couleur', '444', 'img/211.jpg'), ('212', 'Enfants terribles (Les)', 'Enfants terribles (Les)', 'France', '1950', '105', 'NB', '447', 'img/no-image.jpg'), ('213', 'African Queen (The)', 'African Queen (The)', 'USA', '1951', '103', 'couleur', '371', 'img/213.jpg'), ('214', 'C\'era una volta il West', 'Il était une fois dans l\'ouest', 'Italie', '1968', '165', 'couleur', '449', 'img/214.jpg'), ('215', 'Royal Wedding', 'Mariage royal', 'USA', '1951', '93', 'couleur', '220', 'img/215.jpg'), ('216', 'Gone with the Wind', 'Autant en emporte le vent', 'USA', '1939', '238', 'couleur', '228', 'img/216.jpg'), ('217', 'Ben-Hur', 'Ben-Hur', 'USA', '1959', '212', 'couleur', '458', 'img/217.jpg'), ('218', 'Frankenstein', 'Frankenstein', 'USA', '1931', '71', 'NB', '461', 'img/218.jpg'), ('219', 'Invisible Man (The)', 'Homme invisible (L\')', 'USA', '1933', '71', 'NB', '461', 'img/219.jpg'), ('220', 'Paradine Case (The)', 'Procès Paradine (Le)', 'USA', '1947', '125', 'NB', '26', 'img/220.jpg'), ('221', 'Take the Money and Run', 'Prends l\'oseille et tire-toi', 'USA', '1969', '85', 'couleur', '139', 'img/221.jpg'), ('222', 'Déclin de l\'empire américain (Le)', 'Déclin de l\'empire américain (Le)', 'Canada', '1986', '101', 'couleur', '395', 'img/222.jpg'), ('223', 'Invasions barbares (Les)', 'Invasions barbares (Les)', 'Canada', '2003', '112', 'couleur', '395', 'img/223.jpg'), ('224', 'Chicago', 'Chicago', 'USA', '2002', '113', 'couleur', '475', 'img/224.jpg'), ('225', 'L.A. Confidential', 'L.A. Confidential', 'USA', '1997', '138', 'couleur', '476', 'img/225.jpg'), ('226', 'Bringing Up Baby', 'Impossible M. Bébé (L\')', 'USA', '1938', '102', 'NB', '112', 'img/226.jpg'), ('227', 'Big Sky (The)', 'Captive aux yeux clairs (La)', 'USA', '1952', '122', 'NB', '112', 'img/227.jpg'), ('228', 'Maltese Falcon (The)', 'Faucon maltais (Le)', 'USA', '1941', '101', 'NB', '371', 'img/228.jpg'), ('229', 'M', 'M le maudit', 'Allemagne', '1931', '118', 'NB', '43', 'img/229.jpg'), ('230', 'Gilda', 'Gilda', 'USA', '1946', '110', 'NB', '484', 'img/230.jpg'), ('231', 'On the Waterfront', 'Sur les quais', 'USA', '1954', '108', 'NB', '486', 'img/231.jpg'), ('232', 'Short Cuts', 'Short Cuts', 'USA', '1993', '187', 'couleur', '491', 'img/232.jpg'), ('233', 'Ten Commandments (The)', 'Dix commandements (Les)', 'USA', '1956', '220', 'couleur', '493', 'img/233.jpg'), ('234', 'Truman Show (The)', 'Truman Show (The)', 'USA', '1998', '103', 'couleur', '496', 'img/234.jpg'), ('235', 'Peeping Tom', 'Voyeur (Le)', 'Angleterre', '1960', '101', 'NB', '499', 'img/235.jpg'), ('236', 'Ma nuit chez Maud', 'Ma nuit chez Maud', 'France', '1969', '110', 'NB', '204', 'img/236.jpg'), ('238', 'Yol', 'Yol', 'Turquie', '1982', '114', 'couleur', '503', 'img/238.jpg'), ('239', 'Boucher (Le)', 'Boucher (Le)', 'France', '1970', '93', 'couleur', '504', 'img/239.jpg'), ('240', 'Player (The)', 'Player (The)', 'USA', '1992', '124', 'couleur', '491', 'img/240.jpg'), ('241', 'Scandal in Paris (A)', 'Scandale à Paris', 'USA', '1946', '100', 'NB', '507', 'img/241.jpg'), ('242', 'Dédée d\'Anvers', 'Dédée d\'Anvers', 'France', '1948', '86', 'NB', '508', 'img/242.jpg'), ('245', 'It Happened Tomorrow', 'C\'est arrivé demain', 'USA', '1944', '85', 'NB', '512', 'img/245.jpg'), ('246', 'Big Lebowski (The)', 'Big Lebowski (The)', 'USA', '1998', '117', 'couleur', '222', 'img/246.jpg'), ('247', 'Being John Malkovich', 'Dans la peau de John Malkovich', 'USA', '1999', '112', 'couleur', '516', 'img/247.jpg'), ('248', 'Blind Husbands', 'Maris aveugles', 'USA', '1919', '68', 'NB', '279', 'img/248.jpg'), ('249', 'Spartacus', 'Spartacus', 'USA', '1960', '184', 'couleur', '18', 'img/249.jpg'), ('250', 'Doulos (Le)', 'Doulos (Le)', 'France', '1962', '108', 'NB', '447', 'img/250.jpg'), ('251', 'Bride of Frankenstein', 'Fiancée de Frankenstein (La)', 'USA', '1935', '75', 'NB', '461', 'img/251.jpg'), ('252', 'Grande vadrouille (La)', 'Grande vadrouille (La)', 'France', '1966', '132', 'couleur', '524', 'img/252.jpg'), ('253', 'Brutti sporchi e cattivi', 'Affreux, sales et méchants', 'Italie', '1976', '115', 'couleur', '526', 'img/253.jpg'), ('254', 'Amarcord', 'Amarcord', 'Italie', '1973', '127', 'couleur', '135', 'img/254.jpg'), ('255', 'Baisers volés', 'Baisers volés', 'France', '1968', '90', 'couleur', '193', 'img/255.jpg'), ('256', 'Quai des brumes', 'Quai des brumes', 'France', '1938', '91', 'NB', '17', 'img/256.jpg'), ('257', '5 Fingers', 'Affaire Cicéron (L\')', 'USA', '1952', '108', 'NB', '100', 'img/257.jpg'), ('258', 'Sans toit ni loi', 'Sans toit ni loi', 'France', '1985', '105', 'couleur', '533', 'img/258.jpg'), ('259', 'Charade', 'Charade', 'USA', '1963', '113', 'couleur', '220', 'img/259.jpg'), ('260', 'Meet Me in St. Louis', 'Chant du Missouri (Le)', 'USA', '1944', '113', 'couleur', '229', 'img/260.jpg'), ('261', 'Matrix', 'Matrix', 'USA', '1999', '136', 'couleur', '539', 'img/261.jpg'), ('262', 'Atalante (L\')', 'Atalante (L\')', 'France', '1934', '89', 'NB', '540', 'img/262.jpg'), ('263', 'Zéro de conduite', 'Zéro de conduite', 'France', '1933', '41', 'NB', '540', 'img/263.jpg'), ('265', 'Domicile conjugal', 'Domicile conjugal', 'France', '1970', '100', 'couleur', '193', 'img/265.jpg'), ('266', 'Juste avant la nuit', 'Juste avant la nuit', 'France', '1971', '100', 'couleur', '504', 'img/266.jpg'), ('267', 'Biches (Les)', 'Biches (Les)', 'France', '1968', '100', 'couleur', '504', 'img/267.jpg'), ('268', 'Bronenosets Potyomkin', 'Cuirassé Potemkine (Le)', 'Russie', '1925', '75', 'NB', '546', 'img/268.jpg'), ('269', 'Celluloid Closet (The)', 'Celluloid Closet (The)', 'USA', '1995', '102', 'NB/couleur', '547', 'img/269.jpg'), ('270', 'Shanghai Gesture (The)', 'Shanghai Gesture (The)', 'USA', '1941', '99', 'NB', '251', 'img/270.jpg'), ('271', 'Sunset Blvd.', 'Boulevard du Crépuscule', 'USA', '1950', '110', 'NB', '10', 'img/271.jpg'), ('272', 'Mr. Arkadin', 'Dossier secret', 'USA', '1955', '93', 'NB', '171', 'img/272.jpg'), ('273', 'Chienne (La)', 'Chienne (La)', 'France', '1931', '91', 'NB', '126', 'img/273.jpg'), ('274', 'On purge bébé', 'On purge bébé', 'France', '1931', '62', 'NB', '126', 'img/274.jpg'), ('275', 'Ed Wood', 'Ed Wood', 'USA', '1994', '127', 'NB', '216', 'img/275.jpg'), ('276', 'Marie du port (La)', 'Marie du port (La)', 'France', '1950', '88', 'NB', '17', 'img/276.jpg'), ('277', 'Forrest Gump', 'Forrest Gump', 'USA', '1994', '142', 'couleur', '555', 'img/277.jpg'), ('278', 'Star Wars: Episode IV, A New Hope', 'Guerre des étoiles (La)', 'USA', '1977', '125', 'couleur', '559', 'img/278.jpg'), ('279', 'Star Wars: Episode V, The Empire Strikes Back', 'Empire contre-attaque (L\')', 'USA', '1980', '127', 'couleur', '561', 'img/279.jpg'), ('280', 'Star Wars: Episode VI, Return of the Jedi', 'Retour du Jedi (Le)', 'USA', '1983', '135', 'couleur', '562', 'img/280.jpg'), ('281', 'To Have and Have Not', 'Port de l\'angoisse (Le)', 'USA', '1944', '100', 'NB', '112', 'img/281.jpg'), ('282', 'Touch of Evil', 'Soif du mal (La)', 'USA', '1958', '100', 'NB', '171', 'img/282.jpg'), ('283', '400 coups (Les)', '400 coups (Les)', 'France', '1959', '94', 'NB', '193', 'img/283.jpg'), ('284', 'Aleksandr Nevskiy', 'Alexandre Nevski', 'Russie', '1938', '112', 'NB', '546', 'img/284.jpg'), ('285', 'Party (The)', 'Party (The)', 'USA', '1968', '99', 'couleur', '11', 'img/285.jpg'), ('286', 'Eléphant, ça trompe énormément (Un)', 'Eléphant, ça trompe énormément (Un)', 'France', '1976', '100', 'couleur', '565', 'img/286.jpg'), ('287', 'Nous irons tous au paradis', 'Nous irons tous au paradis', 'France', '1977', '110', 'couleur', '565', 'img/287.jpg'), ('288', 'Place in the Sun (A)', 'Place au soleil (Une)', 'USA', '1951', '122', 'NB', '571', 'img/288.jpg'), ('289', 'Gentlemen Prefer Blondes', 'Hommes préfèrent les blondes (Les)', 'USA', '1953', '91', 'couleur', '112', 'img/289.jpg'), ('290', 'Moonfleet', 'Contrebandiers de Moonfleet (Les)', 'USA', '1955', '87', 'couleur', '43', 'img/290.jpg'), ('292', 'Pauline à la plage', 'Pauline à la plage', 'France', '1983', '94', 'couleur', '204', 'img/292.jpg'), ('293', 'Staroye i novoye', 'Ligne générale (La)', 'Russie', '1929', '121', 'NB', '546', 'img/293.jpg'), ('294', 'Que viva Mexico !', 'Que viva Mexico !', 'Mexique', '1932', '55', 'NB', '546', 'img/294.jpg'), ('295', 'King in New-York (A)', 'Roi à New-York', 'Angleterre', '1957', '105', 'NB', '12', 'img/295.jpg'), ('296', 'City Lights', 'Lumières de la ville (Les)', 'USA', '1931', '87', 'NB', '12', 'img/296.jpg'), ('297', 'Chagrin et la pitié (Le)', 'Chagrin et la pitié (Le)', 'France', '1969', '251', 'NB', '579', 'img/297.jpg'), ('298', 'Sono otoko, kyobo ni tsuki', 'Violent cop', 'Japon', '1989', '103', 'couleur', '580', 'img/298.jpg'), ('299', 'Kidzu ritan', 'Kids Return', 'Japon', '1996', '107', 'couleur', '580', 'img/299.jpg'), ('300', 'Collectionneuse (La)', 'Collectionneuse (La)', 'France', '1967', '89', 'couleur', '204', 'img/300.jpg'), ('301', 'Incompreso (L\')', 'Incompris (L\')', 'Italie', '1966', '105', 'couleur', '581', 'img/301.jpg'), ('302', 'Vitelloni (I)', 'Vitelloni (I)', 'Italie', '1953', '104', 'NB', '135', 'img/302.jpg'), ('303', 'Cat People', 'Féline (la)', 'USA', '1942', '73', 'NB', '584', 'img/303.jpg'), ('304', 'I Walked with a Zombie', 'Vaudou', 'USA', '1943', '69', 'NB', '584', 'img/304.jpg'), ('305', 'Leopard Man (The)', 'Homme léopard (L\')', 'USA', '1943', '66', 'NB', '584', 'img/305.jpg'), ('306', 'Alexis Zorbas', 'Zorba le Grec', 'Grèce', '1964', '142', 'NB', '585', 'img/306.jpg'), ('307', 'How Green Was My Valley', 'Qu\'elle était verte ma vallée', 'USA', '1941', '118', 'NB', '401', 'img/307.jpg'), ('308', 'Grapes of Wrath (The)', 'Raisins de la colère (Les)', 'USA', '1940', '128', 'NB', '401', 'img/308.jpg'), ('309', '55 Days at Peking', '55 jours de Pékin (Les)', 'USA', '1963', '150', 'couleur', '8', 'img/309.jpg'), ('310', 'Aguirre, der Zorn Gottes', 'Aguirre, la colère de Dieu', 'Allemagne', '1972', '100', 'couleur', '422', 'img/310.jpg'), ('311', 'Tè nel deserto (Il)', 'Thé au Sahara (Un)', 'Italie', '1990', '138', 'couleur', '591', 'img/311.jpg'), ('312', 'Glaneurs et la glaneuse (Les)', 'Glaneurs et la glaneuse (Les)', 'France', '2000', '82', 'couleur', '533', 'img/312.jpg'), ('313', 'Kuroi ame', 'Pluie noire', 'Japon', '1989', '123', 'NB', '593', 'img/no-image.jpg'), ('315', 'Marnie', 'Pas de printemps pour Marnie', 'USA', '1964', '130', 'couleur', '26', 'img/315.jpg'), ('316', 'Rope', 'Corde (La)', 'USA', '1948', '80', 'NB', '26', 'img/316.jpg'), ('317', 'Sound of Music (The)', 'Mélodie du bonheur (La)', 'USA', '1965', '174', 'couleur', '16', 'img/317.jpg'), ('318', 'Last Temptation of Christ (The)', 'Dernière tentation du Christ (La)', 'USA', '1988', '164', 'couleur', '160', 'img/318.jpg'), ('319', 'Man with the Golden Arm (The)', 'Homme au bras d\'or (L\')', 'USA', '1955', '119', 'NB', '336', 'img/319.jpg'), ('320', 'Cardinal (The)', 'Cardinal (Le)', 'USA', '1963', '175', 'couleur', '336', 'img/320.jpg'), ('321', 'Human Factor (The)', 'Human Factor (The)', 'USA', '1979', '115', 'couleur', '336', 'img/321.jpg'), ('322', 'Solyaris', 'Solaris', 'Russie', '1972', '165', 'NB/couleur', '600', 'img/322.jpg'), ('323', 'Toto le héros', 'Toto le héros', 'Belgique', '1991', '91', 'couleur', '601', 'img/323.jpg'), ('324', 'Vivement dimanche !', 'Vivement dimanche !', 'France', '1983', '110', 'NB', '193', 'img/324.jpg'), ('325', 'A Fei jing juen', 'Nos années sauvages', 'Chine-Hong-Kong', '1991', '94', 'couleur', '90', 'img/325.jpg'), ('326', '2046', '2046', 'Chine-Hong-Kong', '2004', '129', 'NB/couleur', '90', 'img/326.jpg'), ('327', 'Aprile', 'Aprile', 'Italie', '1998', '78', 'couleur', '394', 'img/327.jpg'), ('328', 'Little Big Man', 'Little Big Man', 'USA', '1970', '139', 'couleur', '607', 'img/328.jpg'), ('329', 'Eternal Sunshine of the Spotless Mind', 'Eternal Sunshine of the Spotless Mind', 'USA', '2004', '108', 'couleur', '609', 'img/329.jpg'), ('330', 'Touchez pas au grisbi', 'Touchez pas au grisbi', 'France', '1954', '94', 'NB', '267', 'img/330.jpg'), ('331', 'Ultimo tango a Parigi', 'Dernier tango à Paris', 'Italie', '1972', '136', 'couleur', '591', 'img/331.jpg'), ('332', 'Eclisse (L\')', 'Eclipse (L\')', 'Italie', '1962', '118', 'NB', '612', 'img/332.jpg'), ('333', 'Blowup', 'Blowup', 'Angleterre', '1966', '111', 'couleur', '612', 'img/333.jpg'), ('334', 'Giornata particolare (Una)', 'Journée particulière (une)', 'Italie', '1977', '110', 'NB/couleur', '526', 'img/334.jpg'), ('335', 'Giant', 'Géant', 'USA', '1956', '293', 'couleur', '571', 'img/335.jpg'), ('336', 'Homme qui aimait les femmes (L\')', 'Homme qui aimait les femmes (L\')', 'France', '1977', '120', 'couleur', '193', 'img/336.jpg'), ('337', 'Little Odessa', 'Little Odessa', 'USA', '1994', '98', 'couleur', '623', 'img/337.jpg'), ('338', 'Planet of the Apes', 'Planète des singes (La)', 'USA', '1968', '112', 'couleur', '624', 'img/338.jpg'), ('339', 'Vangelo secondo Matteo (Il)', 'Evangile selon St Matthieu (L\')', 'Italie', '1964', '133', 'NB', '245', 'img/339.jpg'), ('340', 'Yeux sans visage (Les)', 'Yeux sans visage (Les)', 'France', '1959', '88', 'NB', '626', 'img/340.jpg'), ('341', 'Podium', 'Podium', 'France', '2004', '95', 'couleur', '627', 'img/341.jpg'), ('342', 'Fabuleux destin d\'Amélie Poulain (Le)', 'Fabuleux destin d\'Amélie Poulain (Le)', 'France', '2001', '129', 'couleur', '633', 'img/342.jpg'), ('343', 'Dead (The)', 'Gens de Dublin (Les)', 'USA', '1987', '79', 'couleur', '371', 'img/343.jpg'), ('344', 'One-Eyed Jacks', 'Vengeance aux deux visages (La)', 'USA', '1961', '141', 'couleur', '406', 'img/344.jpg'), ('345', 'Meet john Doe', 'Homme de la rue (L\')', 'USA', '1941', '122', 'NB', '349', 'img/345.jpg'), ('346', 'Profumo di donna', 'Parfum de femme', 'Italie', '1974', '103', 'couleur', '411', 'img/346.jpg'), ('347', 'Testament des Dr. Mabuse (Das)', 'Testament du Dr. Mabuse (Le)', 'Allemagne', '1933', '122', 'NB', '43', 'img/347.jpg'), ('348', 'Capitan (le)', 'Capitan (le)', 'France', '1960', '111', 'couleur', '637', 'img/348.jpg'), ('349', 'Smultronstället', 'Fraises sauvages (Les)', 'Suède', '1957', '91', 'NB', '93', 'img/349.jpg'), ('350', 'Narayama bushiko', 'Ballade de Narayama (la)', 'Japon', '1983', '130', 'couleur', '593', 'img/350.jpg'), ('351', 'Giuletta degli spiriti', 'Juliette des esprits', 'Italie', '1965', '137', 'couleur', '135', 'img/351.jpg'), ('352', 'Casque d\'or', 'Casque d\'or', 'France', '1952', '96', 'NB', '267', 'img/352.jpg'), ('353', 'Manèges', 'Manèges', 'France', '1950', '91', 'NB', '508', 'img/no-image.jpg'), ('354', 'New York, New York', 'New York, New York', 'USA', '1977', '155', 'couleur', '160', 'img/354.jpg'), ('355', 'Armée des ombres (L\')', 'Armée des ombres (L\')', 'France', '1969', '136', 'couleur', '447', 'img/355.jpg'), ('356', 'Thérèse Raquin', 'Thérèse Raquin', 'France', '1953', '102', 'NB', '17', 'img/356.jpg'), ('357', 'Peau d\'âne', 'Peau d\'âne', 'France', '1970', '100', 'couleur', '20', 'img/357.jpg'), ('358', 'Rashômon', 'Rashômon', 'Japon', '1950', '88', 'NB', '242', 'img/358.jpg'), ('359', 'Cid (El)', 'Cid (Le)', 'USA', '1961', '182', 'couleur', '642', 'img/359.jpg'), ('360', 'Monsieur Verdoux', 'Monsieur Verdoux', 'USA', '1947', '124', 'NB', '12', 'img/360.jpg'), ('361', 'Werckmeister harmoniak', 'Harmonies Werckmeister', 'Hongrie', '2000', '145', 'NB', '643', 'img/361.jpg'), ('362', 'Circus (The)', 'Cirque (Le)', 'USA', '1928', '71', 'NB', '12', 'img/362.jpg'), ('363', 'Scarlet Empress', 'Impératrice rouge (L\')', 'USA', '1934', '104', 'NB', '251', 'img/363.jpg'), ('364', 'Matter of Life and Death (A)', 'Question de vie ou de mort (Une)', 'Angleterre', '1946', '104', 'NB/couleur', '499', 'img/364.jpg'), ('365', 'Trollflöjten', 'Flûte enchantée (la)', 'Suède', '1975', '135', 'couleur', '93', 'img/365.jpg'), ('366', 'Muso (Den)', 'Jeune fille (La)', 'Mali', '1975', '88', 'NB/couleur', '646', 'img/366.jpg'), ('367', 'Baara', 'Travail (Le)', 'Mali', '1978', '90', 'couleur', '646', 'img/367.jpg'), ('368', 'Finyé', 'Vent (Le)', 'Mali', '1982', '100', 'couleur', '646', 'img/368.jpg'), ('369', 'Yeelen', 'Lumière (La)', 'Mali', '1987', '105', 'couleur', '646', 'img/369.jpg'), ('370', 'Ugetsu monogatari', 'Contes de la lune vague après la pluie (Les)', 'Japon', '1953', '94', 'NB', '648', 'img/370.jpg'), ('371', 'Cave se rebiffe (Le)', 'Cave se rebiffe (Le)', 'France', '1961', '98', 'NB', '649', 'img/371.jpg'), ('373', 'Ivan Groznyy I', 'Ivan le Terrible I', 'Russie', '1944', '95', 'NB', '546', 'img/373.jpg'), ('374', 'Ivan Groznyy II: Boyarsky zagovor', 'Ivan le Terrible II: le complot des Boyards', 'Russie', '1958', '81', 'NB/couleur', '546', 'img/no-image.jpg'), ('375', 'Matador', 'Matador', 'Espagne', '1986', '110', 'couleur', '89', 'img/375.jpg'), ('376', 'Ba wang bie ji', 'Adieu ma concubine', 'Chine-Hong-Kong', '1993', '171', 'couleur', '653', 'img/376.jpg'), ('377', 'Beat the Devil', 'Plus fort que le diable', 'USA', '1953', '100', 'NB', '371', 'img/377.jpg'), ('378', 'Ginger e Fred', 'Ginger et Fred', 'Italie', '1986', '125', 'couleur', '135', 'img/378.jpg'), ('379', 'Morocco', 'Coeurs brûlés', 'USA', '1930', '91', 'NB', '251', 'img/379.jpg'), ('380', 'Blonde Venus', 'Blonde Venus', 'USA', '1932', '93', 'NB', '251', 'img/380.jpg'), ('381', 'Boudu sauvé des eaux', 'Boudu sauvé des eaux', 'France', '1932', '81', 'NB', '126', 'img/381.jpg'), ('382', 'Rebecca', 'Rebecca', 'USA', '1940', '130', 'NB', '26', 'img/382.jpg'), ('383', 'Spellbound', 'Maison du Docteur Edwardes (La)', 'USA', '1945', '111', 'NB', '26', 'img/383.jpg'), ('384', 'Hustler (The)', 'Arnaqueur (L\')', 'USA', '1961', '134', 'NB', '659', 'img/384.jpg'), ('385', 'Faust', 'Faust', 'Allemagne', '1926', '116', 'NB', '233', 'img/385.jpg'), ('386', 'Advise & Consent', 'Tempête à Washington', 'USA', '1962', '142', 'NB', '336', 'img/386.jpg'), ('387', 'Walk with Love and Death (A)', 'Promenade avec l\'amour et la mort', 'USA', '1969', '90', 'couleur', '371', 'img/387.jpg'), ('388', 'Freaks', 'Freaks', 'USA', '1932', '64', 'NB', '294', 'img/388.jpg'), ('389', 'Lili Marleen', 'Lili Marleen', 'Allemagne', '1981', '120', 'couleur', '663', 'img/389.jpg'), ('391', 'Taxi pour Tobrouk (Un)', 'Taxi pour Tobrouk (Un)', 'France', '1960', '95', 'NB', '664', 'img/391.jpg'), ('392', 'Hana-bi', 'Hana-bi', 'Japon', '1997', '103', 'couleur', '580', 'img/392.jpg'), ('393', 'Triporteur (Le)', 'Triporteur (Le)', 'France', '1957', '93', 'couleur', '667', 'img/393.jpg'), ('394', 'On the Town', 'Jour à New-York (Un)', 'USA', '1949', '98', 'couleur', '220', 'img/394.jpg'), ('395', 'Picture of Dorian Gray (The)', 'Portrait de Dorian Gray (Le)', 'USA', '1945', '110', 'NB/couleur', '7', 'img/no-image.jpg'), ('396', 'Queen Christina', 'Reine Christine (La)', 'USA', '1933', '97', 'NB', '672', 'img/396.jpg'), ('397', 'Ninotchka', 'Ninotchka', 'USA', '1939', '110', 'NB', '177', 'img/397.jpg'), ('398', 'General (The)', 'Mécano de la Générale (Le)', 'USA', '1927', '75', 'NB', '676', 'img/no-image.jpg'), ('399', 'Steamboat Bill, Jr.', 'Cadet d\'eau douce', 'USA', '1928', '71', 'NB', '677', 'img/399.jpg'), ('400', 'Tontons flingueurs (Les)', 'Tontons flingueurs (Les)', 'France', '1963', '105', 'NB', '678', 'img/400.jpg'), ('401', 'Ne nous fâchons pas', 'Ne nous fâchons pas', 'France', '1966', '100', 'couleur', '678', 'img/401.jpg'), ('402', 'Sciuscià', 'Sciuscià', 'Italie', '1946', '93', 'NB', '323', 'img/402.jpg'), ('403', 'Laura', 'Laura', 'USA', '1944', '88', 'NB', '336', 'img/403.jpg'), ('404', 'Metropolis', 'Metropolis', 'Allemagne', '1927', '123', 'NB', '43', 'img/404.jpg'), ('405', 'I Was a Male War Bride', 'Allez coucher ailleurs', 'USA', '1949', '103', 'NB', '112', 'img/405.jpg'), ('406', 'Breakfast at Tiffany\'s', 'Diamants sur canapé', 'USA', '1961', '115', 'NB', '11', 'img/406.jpg'), ('407', 'Little Caesar', 'Petit Cesar (Le)', 'USA', '1931', '79', 'NB', '688', 'img/407.jpg'), ('408', 'Public Enemy (The)', 'Ennemi public (L\')', 'USA', '1931', '83', 'NB', '690', 'img/408.jpg'), ('409', 'Petrified Forest (the)', 'Forêt pétrifiée (La)', 'USA', '1936', '83', 'NB', '691', 'img/409.jpg'), ('410', 'Angels with Dirty Faces', 'Anges aux figures sales (Les)', 'USA', '1938', '97', 'NB', '261', 'img/410.jpg'), ('411', 'Roaring Twenties (The)', 'Fantastiques années 20 (Les)', 'USA', '1939', '104', 'NB', '693', 'img/411.jpg'), ('412', 'White Heat', 'Enfer est à lui (L\')', 'USA', '1949', '114', 'NB', '693', 'img/412.jpg'), ('413', 'Bonheur (Le)', 'Bonheur (Le)', 'France', '1965', '79', 'NB', '533', 'img/413.jpg'), ('414', 'All That Jazz', 'Que le spectacle commence', 'USA', '1979', '123', 'couleur', '282', 'img/414.jpg'), ('415', 'Smoking', 'Smoking', 'France', '1993', '140', 'couleur', '132', 'img/415.jpg'), ('416', 'No Smoking', 'No Smoking', 'France', '1993', '140', 'couleur', '132', 'img/no-image.jpg'), ('417', 'Vie est un roman (La)', 'Vie est un roman (La)', 'France', '1983', '110', 'couleur', '132', 'img/417.jpg'), ('418', 'Tout le monde il est beau, ...', 'Tout le monde il est beau, ...', 'France', '1972', '90', 'couleur', '505', 'img/418.jpg'), ('419', 'King of Comedy (The)', 'Valse des pantins (La)', 'USA', '1983', '109', 'couleur', '160', 'img/419.jpg'), ('420', 'Blechtrommel (Die)', 'Tambour (Le)', 'Allemagne', '1979', '142', 'couleur', '700', 'img/420.jpg'), ('421', 'Riff-Raff', 'Riff-Raff', 'Angleterre', '1990', '95', 'couleur', '332', 'img/421.jpg'), ('422', 'Flor de mi secreto (La)', 'Fleur de mon secret (La)', 'Espagne', '1995', '103', 'couleur', '89', 'img/422.jpg'), ('423', 'Much Ado About Nothing', 'Beaucoup de bruit pour rien', 'Angleterre', '1993', '111', 'couleur', '704', 'img/423.jpg'), ('424', 'Immortel (ad vitam)', 'Immortel (ad vitam)', 'France', '2004', '102', 'couleur', '709', 'img/424.jpg'), ('425', 'Jules et Jim', 'Jules et Jim', 'France', '1962', '105', 'NB', '193', 'img/no-image.jpg'), ('426', 'Raiders of the Lost Ark', 'Indiana Jones et les Aventuriers de l\'arche perdue', 'USA', '1981', '115', 'couleur', '203', 'img/426.jpg'), ('427', 'Indiana Jones and the Temple of Doom', 'Indiana Jones et le temple maudit', 'USA', '1984', '118', 'couleur', '203', 'img/427.jpg'), ('428', 'Indiana Jones and the Last Crusade', 'Indiana Jones et la dernière croisade', 'USA', '1989', '127', 'couleur', '203', 'img/428.jpg'), ('429', 'Guerre du feu (La)', 'Guerre du feu (La)', 'France', '1981', '100', 'couleur', '717', 'img/429.jpg'), ('430', 'Night of the Iguana (The)', 'Nuit de l\'iguane (La)', 'USA', '1964', '125', 'NB', '371', 'img/430.jpg'), ('431', 'Lantana', 'Lantana', 'Australie', '2001', '121', 'couleur', '718', 'img/431.jpg'), ('432', 'Yadon ilaheyya', 'Intervention divine', 'Palestine', '2002', '92', 'couleur', '721', 'img/432.jpg'), ('433', 'Chelovek s kino-apparatom', 'Homme à la caméra (L\')', 'Russie', '1929', '80', 'NB', '722', 'img/433.jpg'), ('434', 'Fantastic Voyage', 'Voyage fantastique (Le)', 'USA', '1966', '100', 'couleur', '723', 'img/no-image.jpg'), ('435', 'Soylent Green', 'Soleil vert', 'USA', '1973', '97', 'couleur', '723', 'img/435.jpg'), ('436', 'Deux anglaises et le continent (Les)', 'Deux anglaises et le continent (Les)', 'France', '1971', '130', 'couleur', '193', 'img/436.jpg'), ('437', 'Lady Vanishes (The)', 'Femme disparaît (Une)', 'Angleterre', '1938', '97', 'NB', '26', 'img/437.jpg'), ('438', 'Shining (The)', 'Shining (The)', 'USA', '1980', '119', 'couleur', '18', 'img/438.jpg'), ('439', 'Genou de Claire (Le)', 'Genou de Claire (Le)', 'France', '1970', '105', 'couleur', '204', 'img/439.jpg'), ('440', 'Rayon vert (Le)', 'Rayon vert (Le)', 'France', '1986', '98', 'couleur', '204', 'img/440.jpg'), ('441', 'Conte d\'été', 'Conte d\'été', 'France', '1996', '113', 'couleur', '204', 'img/441.jpg'), ('442', 'Gigi', 'Gigi', 'USA', '1958', '119', 'couleur', '229', 'img/442.jpg'), ('443', 'Father\'s Little Dividend', 'Allons donc, papa !', 'USA', '1951', '82', 'NB', '229', 'img/443.jpg'), ('444', 'Aviator (The)', 'Aviator (The)', 'USA', '2004', '170', 'couleur', '160', 'img/444.jpg'), ('445', 'Mummy (The)', 'Momie (La)', 'USA', '1932', '73', 'NB', '736', 'img/445.jpg'), ('446', 'Dumbo', 'Dumbo', 'USA', '1941', '64', 'couleur', '737', 'img/446.jpg'), ('447', 'Phantom of the Opera (The)', 'Fantôme de l\'Opéra (Le)', 'USA', '1925', '92', 'NB', '739', 'img/447.jpg'), ('448', '39 Steps (The)', '39 marches (Les)', 'Angleterre', '1935', '86', 'NB', '26', 'img/448.jpg'), ('449', 'Private Life of Henry VIII (The)', 'Vie privée d\'Henry VIII (La)', 'USA', '1933', '97', 'NB', '740', 'img/449.jpg'), ('450', 'Magnificent Ambersons (The)', 'Splendeur des Amberson (La)', 'USA', '1942', '88', 'NB', '171', 'img/450.jpg'), ('451', 'Suspicion', 'Soupçons', 'USA', '1941', '99', 'NB', '26', 'img/451.jpg'), ('452', 'Top Hat', 'Danseur du dessus (Le)', 'USA', '1935', '101', 'NB', '743', 'img/452.jpg'), ('453', 'His Girl Friday', 'Dame du vendredi (La)', 'USA', '1940', '92', 'NB', '112', 'img/453.jpg'), ('454', 'Penny Serenade', 'Chanson du passé (La)', 'USA', '1941', '119', 'NB', '571', 'img/454.jpg'), ('455', 'Esquive (L\')', 'Esquive (L\')', 'France', '2003', '117', 'couleur', '747', 'img/455.jpg'), ('456', 'Bidone (Il)', 'Bidone (Il)', 'Italie', '1955', '109', 'NB', '135', 'img/456.jpg'), ('457', 'Voce della luna (La)', 'Voce della luna (La)', 'Italie', '1990', '120', 'couleur', '135', 'img/457.jpg'), ('458', 'Veer-Zaara', 'Veer-Zaara', 'Inde', '2004', '192', 'couleur', '753', 'img/458.jpg'), ('459', 'Magliari (I)', 'Profession: magliari', 'Italie', '1959', '111', 'NB', '187', 'img/459.jpg'), ('460', 'Salvatore Giuliano', 'Salvatore Giuliano', 'Italie', '1962', '123', 'NB', '187', 'img/460.jpg'), ('461', 'Salt of the Earth', 'Sel de la terre (Le)', 'USA', '1954', '94', 'NB', '758', 'img/461.jpg'), ('462', 'Kid (The)', 'Kid (The)', 'USA', '1921', '50', 'NB', '12', 'img/462.jpg'), ('463', 'Straw Dogs', 'Chiens de paille (Les)', 'Angleterre', '1971', '118', 'couleur', '761', 'img/463.jpg'), ('464', 'Promeneur du champ de Mars (Le)', 'Promeneur du champ de Mars (Le)', 'France', '2005', '117', 'couleur', '23', 'img/464.jpg'), ('465', 'Terrazza (La)', 'Terrasse (La)', 'Italie', '1980', '124', 'couleur', '526', 'img/465.jpg'), ('466', 'Charulata', 'Charulata', 'Inde', '1964', '117', 'NB', '271', 'img/466.jpg'), ('467', 'Blade Runner', 'Blade Runner', 'USA', '1982', '117', 'couleur', '764', 'img/467.jpg'), ('468', 'Two for the Road', 'Voyage à deux', 'USA', '1967', '111', 'couleur', '220', 'img/468.jpg'), ('469', 'Philadelphia Story (The)', 'Indiscrétions', 'USA', '1940', '112', 'NB', '213', 'img/469.jpg'), ('470', 'Batman', 'Batman', 'USA', '1989', '126', 'couleur', '216', 'img/470.jpg'), ('471', 'Tron', 'Tron', 'USA', '1982', '96', 'couleur', '765', 'img/no-image.jpg'), ('472', 'Anne of the Indies', 'Flibustière des Antilles (La)', 'USA', '1951', '81', 'couleur', '584', 'img/472.jpg'), ('473', 'Saikaku ichidai onna', 'Vie d\'O\'Haru, femme galante', 'Japon', '1952', '120', 'NB', '648', 'img/no-image.jpg'), ('474', 'Jeder für sich und Gott gegen alle', 'Enigme de Kaspar Hauser (L\')', 'Allemagne', '1974', '110', 'couleur', '422', 'img/474.jpg'), ('475', 'Phantom of the Paradise', 'Phantom of the Paradise', 'USA', '1974', '92', 'couleur', '769', 'img/475.jpg'), ('476', 'Big Fish', 'Big Fish', 'USA', '2003', '125', 'couleur', '216', 'img/476.jpg'), ('477', 'Anatomy of a Murder', 'Autopsie d\'un meurtre', 'USA', '1959', '160', 'NB', '336', 'img/477.jpg'), ('478', 'Stachka', 'Grève (La)', 'Russie', '1925', '82', 'NB', '546', 'img/478.jpg'), ('479', 'Oktyabr', 'Octobre', 'Russie', '1928', '95', 'NB', '546', 'img/479.jpg'), ('480', '25th Hour', '24 heures avant la nuit', 'USA', '2002', '135', 'couleur', '774', 'img/480.jpg'), ('481', 'Secret Agent', 'Quatre de l\'espionnage', 'Angleterre', '1936', '86', 'NB', '26', 'img/481.jpg'), ('482', 'Shop Around the Corner (The)', 'Rendez-vous', 'USA', '1940', '99', 'NB', '177', 'img/482.jpg'), ('483', 'Amadeus', 'Amadeus', 'USA', '1984', '160', 'couleur', '782', 'img/483.jpg'), ('484', 'Travaux, on sait quand ça commence...', 'Travaux, on sait quand ça commence...', 'France', '2005', '90', 'couleur', '785', 'img/no-image.jpg'), ('485', 'Rocco e i suoi fratelli', 'Rocco et ses frères', 'Italie', '1960', '168', 'NB', '313', 'img/485.jpg'), ('486', '8 femmes', '8 femmes', 'France', '2002', '111', 'couleur', '791', 'img/486.jpg'), ('487', 'Alphaville', 'Alphaville', 'France', '1965', '99', 'NB', '13', 'img/487.jpg'), ('488', 'Masculin féminin', 'Masculin féminin', 'France', '1966', '100', 'NB', '13', 'img/488.jpg'), ('489', 'Once Upon a Time in America', 'Il était une fois en Amérique', 'USA', '1984', '229', 'couleur', '449', 'img/489.jpg'), ('490', 'Shadow of a Doubt', 'Ombre d\'un doute (L\')', 'USA', '1943', '108', 'NB', '26', 'img/490.jpg'), ('491', 'Girls (Les)', 'Girls (Les)', 'USA', '1957', '114', 'couleur', '213', 'img/491.jpg'), ('492', 'Sunrise: A Song of Two Humans', 'Aurore (L\')', 'USA', '1927', '95', 'NB', '233', 'img/492.jpg'), ('493', 'Kung fu', 'Crazy Kung-Fu', 'Chine-Hong-Kong', '2004', '95', 'couleur', '808', 'img/493.jpg'), ('494', 'Plan 9 from Outer Space', 'Plan 9 from Outer Space', 'USA', '1959', '79', 'NB', '809', 'img/494.jpg'), ('495', 'Deserto rosso (Il)', 'Désert rouge (Le)', 'Italie', '1964', '120', 'couleur', '612', 'img/495.jpg'), ('496', 'Joueur d\'échecs (Le)', 'Joueur d\'échecs (Le)', 'France', '1938', '70', 'NB', '814', 'img/496.jpg'), ('497', 'Hit (The)', 'Hit (The)', 'Angleterre', '1984', '100', 'couleur', '274', 'img/497.jpg'), ('498', 'Année dernière à Marienbad (L\')', 'Année dernière à Marienbad (L\')', 'France', '1961', '94', 'NB', '132', 'img/498.jpg'), ('499', 'Elephant', 'Elephant', 'USA', '2003', '81', 'couleur', '816', 'img/499.jpg'), ('500', 'Lady Eve (The)', 'Coeur pris au piège (Un)', 'USA', '1941', '97', 'NB', '817', 'img/500.jpg'), ('501', 'Young Mr. Lincoln', 'Vers sa destinée', 'USA', '1939', '100', 'NB', '401', 'img/501.jpg'), ('502', 'Petits arrangements avec les morts', 'Petits arrangements avec les morts', 'France', '1994', '104', 'couleur', '820', 'img/502.jpg'), ('503', 'Yojimbo', 'Garde du corps (Le)', 'Japon', '1961', '110', 'NB', '242', 'img/503.jpg'), ('504', 'Que la bête meure', 'Que la bête meure', 'France', '1969', '110', 'couleur', '504', 'img/504.jpg'), ('505', 'Sex, Lies, and Videotape', 'Sexe, mensonges et vidéo', 'USA', '1989', '100', 'couleur', '285', 'img/505.jpg'), ('506', 'Johnny Got His Gun', 'Johnny s\'en va en guerre', 'USA', '1971', '111', 'NB/couleur', '827', 'img/506.jpg'), ('507', 'Last Wave (The)', 'Dernière vague (La)', 'Australie', '1977', '106', 'couleur', '496', 'img/507.jpg'), ('508', 'Dragao da Maldade contra o Santo Guerreiro (O)', 'Antonio das Mortes', 'Bresil', '1969', '100', 'couleur', '831', 'img/508.jpg'), ('509', 'Three Ages', '3 âges (Les)', 'USA', '1923', '63', 'NB', '150', 'img/509.jpg'), ('510', 'Carmen Jones', 'Carmen Jones', 'USA', '1954', '105', 'couleur', '336', 'img/510.jpg'), ('511', 'Nuits de la pleine lune (Les)', 'Nuits de la pleine lune (Les)', 'France', '1984', '100', 'couleur', '204', 'img/511.jpg'), ('512', 'Double vie de Véronique (La)', 'Double vie de Véronique (La)', 'France', '1991', '98', 'couleur', '205', 'img/512.jpg'), ('513', 'Land and Freedom', 'Land and Freedom', 'Angleterre', '1995', '109', 'couleur', '332', 'img/513.jpg'), ('514', 'Dolls', 'Dolls', 'Japon', '2002', '114', 'couleur', '580', 'img/514.jpg'), ('515', 'Saboteur', 'Cinquième colonne (La)', 'USA', '1942', '108', 'NB', '26', 'img/515.jpg'), ('516', 'Kabhi Khushi Kabhie Gham...', 'Famille indienne (La)', 'Inde', '2001', '210', 'NB/couleur', '840', 'img/516.jpg'), ('517', 'Cluny Brown', 'Folle ingénue (La)', 'USA', '1946', '100', 'NB', '177', 'img/517.jpg'), ('518', 'Rebel Without a Cause', 'Fureur de vivre (La)', 'USA', '1955', '111', 'couleur', '8', 'img/518.jpg'), ('519', 'Siu lam juk kau', 'Shaolin soccer', 'Chine-Hong-Kong', '2001', '87', 'couleur', '808', 'img/519.jpg'), ('520', 'India Song', 'India Song', 'France', '1975', '120', 'couleur', '845', 'img/520.jpg'), ('521', 'Dracula', 'Dracula', 'USA', '1931', '75', 'NB', '294', 'img/521.jpg'), ('522', 'Scener ur ett äktenskap', 'Scènes de la vie conjugale', 'Suède', '1975', '167', 'couleur', '93', 'img/522.jpg'), ('523', 'Sabotage', 'Agent secret', 'Angleterre', '1936', '76', 'NB', '26', 'img/523.jpg'), ('524', 'Wild at Heart', 'Sailor et Lula', 'USA', '1990', '124', 'couleur', '179', 'img/524.jpg'), ('525', 'Kuch Kuch Hota Hai', 'Kuch Kuch Hota Hai', 'Inde', '1998', '177', 'couleur', '840', 'img/525.jpg'), ('526', 'Barton Fink', 'Barton Fink', 'USA', '1991', '116', 'couleur', '222', 'img/526.jpg'), ('527', 'Gosford Park', 'Gosford Park', 'USA', '2001', '137', 'couleur', '491', 'img/527.jpg'), ('528', 'Zatôichi', 'Zatôichi', 'Japon', '2003', '116', 'couleur', '580', 'img/528.jpg'), ('529', 'Rumble Fish', 'Rusty James', 'USA', '1983', '94', 'NB/couleur', '405', 'img/529.jpg'), ('530', 'E.T.: The Extra-Terrestrial', 'E.T. : L\'Extra-Terrestre', 'USA', '1982', '115', 'couleur', '203', 'img/530.jpg'), ('531', 'Killing (The)', 'Ultime razzia', 'USA', '1956', '85', 'NB', '18', 'img/531.jpg'), ('532', 'Kermesse héroïque (La)', 'Kermesse héroïque (La)', 'France', '1935', '110', 'NB', '861', 'img/532.jpg'), ('533', 'Monkey Business', 'Monnaie de singe', 'USA', '1931', '77', 'NB', '862', 'img/533.jpg'), ('534', 'Horse Feathers', 'Plumes de cheval', 'USA', '1932', '68', 'NB', '862', 'img/534.jpg'), ('535', 'Bride & Prejudice', 'Coup de foudre à Bollywod', 'Angleterre', '2004', '107', 'couleur', '864', 'img/535.jpg'), ('536', 'Detour', 'Detour', 'USA', '1945', '67', 'NB', '867', 'img/536.jpg'), ('537', 'Offret', 'Sacrifice (Le)', 'Suède', '1986', '149', 'NB', '600', 'img/537.jpg'), ('538', 'Frau im Mond', 'Femme sur la lune (La)', 'Allemagne', '1929', '163', 'NB', '43', 'img/538.jpg'), ('539', 'Tirez sur le pianiste', 'Tirez sur le pianiste', 'France', '1960', '80', 'NB', '193', 'img/539.jpg'), ('540', 'Garde à vue', 'Garde à vue', 'France', '1981', '86', 'couleur', '869', 'img/540.jpg'), ('541', 'Play It Again, Sam', 'Tombe les filles et tais-toi', 'USA', '1972', '85', 'couleur', '871', 'img/541.jpg'), ('542', 'Tsubaki Sanjûrô', 'Sanjuro', 'Japon', '1962', '96', 'NB', '242', 'img/542.jpg'), ('543', 'From Russia with Love', 'Bons baisers de Russie', 'Angleterre', '1963', '110', 'couleur', '873', 'img/543.jpg'), ('544', 'Fly (The)', 'Mouche (La)', 'Canada', '1986', '95', 'couleur', '194', 'img/no-image.jpg'), ('545', 'Lagaan: Once Upon a Time in India', 'Lagaan', 'Inde', '2001', '224', 'couleur', '876', 'img/545.jpg'), ('546', 'Milou en mai', 'Milou en mai', 'France', '1990', '107', 'couleur', '878', 'img/546.jpg'), ('547', 'Hori, ma panenko', 'Au feu, les pompiers', 'Tchécoslovaquie', '1967', '71', 'couleur', '782', 'img/547.jpg'), ('548', 'Fargo', 'Fargo', 'USA', '1996', '98', 'couleur', '222', 'img/548.jpg'), ('549', 'Journal d\'une femme de chambre (Le)', 'Journal d\'une femme de chambre (Le)', 'France', '1964', '97', 'NB', '15', 'img/549.jpg'), ('550', 'Mariée était en noir (La)', 'Mariée était en noir (La)', 'France', '1968', '107', 'couleur', '193', 'img/550.jpg'), ('551', 'Akitsu onsen', 'Source thermale d\'Akitsu (La)', 'Japon', '1962', '113', 'couleur', '881', 'img/551.jpg'), ('552', 'Three Days of the Condor', 'Trois jours du Condor (Les)', 'USA', '1975', '117', 'couleur', '240', 'img/552.jpg'), ('553', 'Rokudenashi', 'Bon à rien', 'Japon', '1960', '88', 'NB', '881', 'img/553.jpg'), ('554', 'Animal Crackers', 'Explorateur en folie (L\')', 'USA', '1930', '97', 'NB', '884', 'img/554.jpg'), ('555', 'Manhattan', 'Manhattan', 'USA', '1979', '96', 'NB', '139', 'img/555.jpg'), ('556', 'Avventura (L\')', 'Avventura (L\')', 'Italie', '1960', '145', 'NB', '612', 'img/556.jpg'), ('557', 'Sceicco bianco (Lo)', 'Cheik blanc (Le)', 'Italie', '1952', '86', 'NB', '135', 'img/557.jpg'), ('558', 'Bigger Than Life', 'Derrière le miroir', 'USA', '1956', '91', 'couleur', '8', 'img/558.jpg'), ('559', 'Stardust Memories', 'Stardust Memories', 'USA', '1980', '91', 'NB', '139', 'img/559.jpg'), ('560', 'Broadway Danny Rose', 'Broadway Danny Rose', 'USA', '1984', '84', 'NB', '139', 'img/560.jpg'), ('561', 'Warnung vor einer heiligen Nutte', 'Prenez garde à la sainte putain', 'Allemagne', '1971', '103', 'couleur', '663', 'img/561.jpg'), ('562', 'Professione: reporter', 'Profession Reporter', 'Italie', '1975', '126', 'couleur', '612', 'img/562.jpg'), ('563', 'Alice', 'Alice', 'USA', '1990', '102', 'couleur', '139', 'img/563.jpg'), ('564', 'Funny Face', 'Drôle de frimousse', 'USA', '1957', '103', 'couleur', '220', 'img/564.jpg'), ('565', 'You Only Live Once', 'J\'ai le droit de vivre', 'USA', '1937', '86', 'NB', '43', 'img/565.jpg'), ('566', 'Sweet and Lowdown', 'Accords et désaccords', 'USA', '1999', '95', 'couleur', '139', 'img/566.jpg'), ('567', 'The Nightmare Before Christmas', 'Etrange Noël de Monsieur Jack (L\')', 'USA', '1993', '76', 'couleur', '216', 'img/567.jpg'), ('568', 'Topaz', 'Etau (L\')', 'USA', '1969', '127', 'couleur', '26', 'img/568.jpg');
COMMIT;

-- ----------------------------
--  Table structure for `genres`
-- ----------------------------
DROP TABLE IF EXISTS `genres`;
CREATE TABLE `genres` (
  `code_genre` int(11) NOT NULL AUTO_INCREMENT,
  `nom_genre` varchar(50) DEFAULT NULL,
  PRIMARY KEY (`code_genre`)
) ENGINE=InnoDB AUTO_INCREMENT=31 DEFAULT CHARSET=latin1;

-- ----------------------------
--  Records of `genres`
-- ----------------------------
BEGIN;
INSERT INTO `genres` VALUES ('1', 'Heurs et malheurs à deux'), ('2', 'Carrément à l\'ouest'), ('3', 'Cadavre(s) dans le(s) placard(s)'), ('4', 'C\'était demain'), ('5', 'Pas drôle mais beau'), ('6', 'Pauvre espèce humaine'), ('7', 'Du rire aux larmes (et retour)'), ('8', 'Portrait d\'époque (après 1914)'), ('9', 'En avant la musique'), ('10', 'Jeu dans le jeu'), ('11', 'En France profonde'), ('12', 'New-York'), ('13', 'Pour petits et grands enfants'), ('14', 'Culte ou my(s)tique'), ('15', 'Poésie en image'), ('16', 'Conte de fées relooké'), ('17', 'Les chocottes à zéro'), ('19', 'La parole est d\'or'), ('20', 'Paris'), ('21', 'Vive la (critique) sociale !'), ('22', 'Epique pas toc'), ('23', 'Los Angeles & Hollywood'), ('24', 'Perle de nanard'), ('25', 'Entre Berlin et Moscou'), ('26', 'A l\'antique'), ('27', 'Du Moyen-Age à 1914'), ('28', 'Docu'), ('29', 'Vers le soleil levant'), ('30', 'Bollywooderie');
COMMIT;

-- ----------------------------
--  Table structure for `individus`
-- ----------------------------
DROP TABLE IF EXISTS `individus`;
CREATE TABLE `individus` (
  `code_indiv` int(11) NOT NULL AUTO_INCREMENT,
  `nom` varchar(20) DEFAULT NULL,
  `prenom` varchar(20) DEFAULT NULL,
  `nationalite` varchar(20) DEFAULT NULL,
  `date_naiss` int(11) DEFAULT NULL,
  `date_mort` int(11) DEFAULT NULL,
  PRIMARY KEY (`code_indiv`)
) ENGINE=InnoDB AUTO_INCREMENT=892 DEFAULT CHARSET=latin1;

-- ----------------------------
--  Records of `individus`
-- ----------------------------
BEGIN;
INSERT INTO `individus` VALUES ('7', 'LEWIN', 'Albert', 'américaine', '1894', '1968'), ('8', 'RAY', 'Nicholas', 'américaine', '1911', '1979'), ('9', 'CASSAVETES', 'John', 'américaine', '1929', '1989'), ('10', 'WILDER', 'Billy', 'américaine', '1906', '2002'), ('11', 'EDWARDS', 'Blake', 'américaine', '1922', '0'), ('12', 'CHAPLIN', 'Charles', 'anglaise', '1889', '1977'), ('13', 'GODARD', 'Jean-Luc', 'française', '1930', '0'), ('14', 'TATI', 'Jacques', 'française', '1909', '1982'), ('15', 'BUNUEL', 'Luis', 'espagnole', '1900', '1983'), ('16', 'WISE', 'Robert', 'américaine', '1914', '2005'), ('17', 'CARNé', 'Marcel', 'française', '1909', '1996'), ('18', 'KUBRICK', 'Stanley', 'américaine', '1928', '1999'), ('19', 'CAMPION', 'Jane', 'néo-zélandaise', '1954', '0'), ('20', 'DEMY', 'Jacques', 'française', '1931', '1990'), ('21', 'HAMER', 'Robert', 'anglaise', '1911', '1963'), ('22', 'SAUTET', 'Claude', 'française', '1924', '2000'), ('23', 'GUéDIGUIAN', 'Robert', 'française', '1953', '0'), ('24', 'GILLIAM', 'Terry', 'américaine', '1940', '0'), ('25', 'BLIER', 'Bertrand', 'française', '1939', '0'), ('26', 'HITCHCOCK', 'Alfred', 'anglaise', '1899', '1980'), ('28', 'LECONTE', 'Patrice', 'française', '1947', '0'), ('29', 'GARDNER', 'Ava', 'américaine', '1922', '1990'), ('31', 'MASON', 'James', 'anglaise', '1909', '1984'), ('32', 'CRAWFORD', 'Joan', 'américaine', '1904', '1977'), ('33', 'HAYDEN', 'Sterling', 'américaine', '1916', '1986'), ('34', 'ROWLANDS', 'Gena', 'américaine', '1930', '0'), ('35', 'FALK', 'Peter', 'américaine', '1927', '0'), ('36', 'LEMMON', 'Jack', 'américaine', '1925', '2001'), ('37', 'MACLAINE', 'Shirley', 'américaine', '1934', '0'), ('38', 'MACMURRAY', 'Fred', 'américaine', '1908', '1991'), ('39', 'ANDREWS', 'Julie', 'anglaise', '1935', '0'), ('40', 'BARDOT', 'Brigitte', 'française', '1934', '0'), ('41', 'PICCOLI', 'Michel', 'française', '1925', '0'), ('42', 'PALANCE', 'Jack', 'américaine', '1919', '2006'), ('43', 'LANG', 'Fritz', 'austro-américaine', '1890', '1976'), ('44', 'WOOD', 'Natalie', 'américaine', '1938', '1981'), ('45', 'CHAKIRIS', 'George', 'américaine', '1934', '0'), ('46', 'GABIN', 'Jean', 'française', '1904', '1976'), ('47', 'BERRY', 'Jules', 'française', '1883', '1951'), ('48', 'ARLETTY', '', 'française', '1898', '1992'), ('49', 'SELLERS', 'Peter', 'anglaise', '1925', '1980'), ('50', 'LYON', 'Sue', 'américaine', '1946', '0'), ('51', 'HUNTER', 'Holly', 'américaine', '1958', '0'), ('52', 'KEITEL', 'Harvey', 'américaine', '1939', '0'), ('53', 'NEILL', 'Sam', 'néo-zélandaise', '1947', '0'), ('54', 'DENEUVE', 'Catherine', 'française', '1943', '0'), ('55', 'DORLéAC', 'Françoise', 'française', '1942', '1967'), ('56', 'DARRIEUX', 'Danielle', 'française', '1917', '0'), ('57', 'PERRIN', 'Jacques', 'française', '1941', '0'), ('58', 'KELLY', 'Gene', 'américaine', '1912', '1996'), ('59', 'GUINNESS', 'Alec', 'anglaise', '1914', '2000'), ('60', 'PRICE', 'Dennis', 'anglaise', '1915', '1973'), ('61', 'MONTAND', 'Yves', 'française', '1921', '1991'), ('62', 'REGGIANI', 'Serge', 'française', '1922', '2004'), ('63', 'DEPARDIEU', 'Gérard', 'française', '1948', '0'), ('64', 'AUDRAN', 'Stéphane', 'française', '1932', '0'), ('65', 'ASCARIDE', 'Ariane', 'française', '1954', '0'), ('66', 'MEYLAN', 'Gérard', 'française', '0', '0'), ('67', 'DARROUSSIN', 'Jean-Pierre', 'française', '1953', '0'), ('68', 'WILLIS', 'Bruce', 'américaine', '1955', '0'), ('69', 'PITT', 'Brad', 'américaine', '1963', '0'), ('70', 'STOWE', 'Madeleine', 'américaine', '1958', '0'), ('71', 'DEWAERE', 'Patrick', 'française', '1947', '1982'), ('72', 'GRANGER', 'Farley', 'américaine', '1925', '0'), ('73', 'ROCHEFORT', 'Jean', 'française', '1930', '0'), ('74', 'GALIENA', 'Anna', 'italienne', '1954', '0'), ('75', 'WINTERS', 'Shelley', 'américaine', '1922', '2006'), ('76', 'MIOU-MIOU', '', 'française', '1950', '0'), ('77', 'GODDARD', 'Paulette', 'américaine', '1911', '1990'), ('78', 'MOREAU', 'Jeanne', 'française', '1928', '0'), ('79', 'WALKER', 'Robert', 'américaine', '1918', '1951'), ('80', 'YANG', 'Edward', 'chinoise', '1947', '2007'), ('81', 'CLéMENT', 'René', 'française', '1913', '1996'), ('82', 'DELON', 'Alain', 'française', '1935', '0'), ('83', 'RONET', 'Maurice', 'française', '1927', '1983'), ('84', 'LAFORêT', 'Marie', 'française', '1939', '0'), ('85', 'AARDMAN', 'studios', 'anglaise', '0', '0'), ('86', 'ABRIL', 'Victoria', 'espagnole', '1959', '0'), ('87', 'PAREDES', 'Marisa', 'espagnole', '1946', '0'), ('88', 'BOSé', 'Miguel', 'espagnole', '1956', '0'), ('89', 'ALMODOVAR', 'Pedro', 'espagnole', '1951', '0'), ('90', 'WONG', 'Kar-wai', 'chinoise', '1958', '0'), ('92', 'LEUNG', 'Tony', 'chinoise', '1962', '0'), ('93', 'BERGMAN', 'Ingmar', 'suédoise', '1918', '2007'), ('94', 'BERGMAN', 'Ingrid', 'suédoise', '1915', '1982'), ('95', 'ULLMANN', 'Liv', 'suédoise', '1939', '0'), ('96', 'BJöRNSTRAND', 'Gunnar', 'suédoise', '1909', '1986'), ('97', 'VON SYDOW', 'Max', 'suédoise', '1929', '0'), ('98', 'ANDERSSON', 'Harriet', 'suédoise', '1932', '0'), ('99', 'LAUGHTON', 'Charles', 'anglaise', '1899', '1962'), ('100', 'MANKIEWICZ', 'Joseph L.', 'américaine', '1909', '1993'), ('101', 'BOGART', 'Humphrey', 'américaine', '1899', '1957'), ('102', 'MITCHUM', 'Robert', 'américaine', '1917', '1997'), ('103', 'WENDERS', 'Wim', 'allemande', '1945', '0'), ('104', 'GANZ', 'Bruno', 'suisse', '1941', '0'), ('105', 'DOMMARTIN', 'Solveig', 'française', '1961', '2007'), ('106', 'SANDER', 'Otto', 'allemande', '1941', '0'), ('107', 'BELMONDO', 'Jean-Paul', 'française', '1933', '0'), ('108', 'KARINA', 'Anna', 'danoise', '1940', '0'), ('109', 'CRUISE', 'Tom', 'américaine', '1962', '0'), ('111', 'KIDMAN', 'Nicole', 'américaine', '1967', '0'), ('112', 'HAWKS', 'Howard', 'américaine', '1896', '1977'), ('113', 'BACALL', 'Lauren', 'américaine', '1924', '0'), ('114', 'GRANT', 'Cary', 'américaine', '1904', '1986'), ('115', 'SAINT', 'Eva Marie', 'américaine', '1924', '0'), ('116', 'LéAUD', 'Jean-Pierre', 'française', '1944', '0'), ('117', 'RAIMI', 'Sam', 'américaine', '1959', '0'), ('118', 'MAGUIRE', 'Tobey', 'américaine', '1975', '0'), ('119', 'DAFOE', 'Willem', 'américaine', '1955', '0'), ('120', 'DUNST', 'Kirsten', 'américaine', '1982', '0'), ('121', 'ZONCA', 'Erick', 'française', '1956', '0'), ('122', 'BOUCHEZ', 'Elodie', 'française', '1973', '0'), ('123', 'RéGNIER', 'Natacha', 'française', '1974', '0'), ('124', 'COLIN', 'Grégoire', 'française', '1975', '0'), ('125', 'DUBOST', 'Paulette', 'française', '1911', '0'), ('126', 'RENOIR', 'Jean', 'française', '1894', '1979'), ('127', 'ANDERSSON', 'Bibi', 'suédoise', '1935', '0'), ('128', 'THULIN', 'Ingrid', 'suédoise', '1926', '2004'), ('129', 'JOSEPHSON', 'Erland', 'suédoise', '1923', '0'), ('130', 'ARDITI', 'Pierre', 'française', '1944', '0'), ('131', 'GARCIA', 'Nicole', 'française', '1946', '0'), ('132', 'RESNAIS', 'Alain', 'française', '1922', '0'), ('133', 'DUBOIS', 'Marie', 'française', '1937', '0'), ('134', 'PIERRE', 'Roger', 'française', '1923', '0'), ('135', 'FELLINI', 'Federico', 'italienne', '1920', '1993'), ('136', 'MASTROIANNI', 'Marcello', 'italienne', '1924', '1996'), ('137', 'EKBERG', 'Anita', 'suéduoise', '1931', '0'), ('138', 'AIMéE', 'Anouk', 'française', '1932', '0'), ('139', 'ALLEN', 'Woody', 'américaine', '1935', '0'), ('140', 'KEATON', 'Diane', 'américaine', '1946', '0'), ('141', 'QUINN', 'Antony', 'mexicaine', '1915', '2001'), ('142', 'MASINA', 'Giulietta', 'italienne', '1920', '1994'), ('143', 'AZéMA', 'Sabine', 'française', '1949', '0'), ('144', 'BACRI', 'Jean-Pierre', 'française', '1951', '0'), ('145', 'DUSSOLIER', 'André', 'française', '1946', '0'), ('146', 'JAOUI', 'Agnès', 'française', '1964', '0'), ('147', 'WILSON', 'Lambert', 'française', '1958', '0'), ('148', 'BIRKIN', 'Jane', 'anglaise', '1946', '0'), ('149', 'BLOOM', 'Claire', 'anglaise', '1931', '0'), ('150', 'KEATON', 'Buster', 'américaine', '1895', '1966'), ('151', 'DANIELS', 'Jeff', 'américaine', '1955', '0'), ('152', 'AIELLO', 'Danny', 'américaine', '1933', '0'), ('153', 'FARROW', 'Mia', 'américaine', '1945', '0'), ('154', 'ALVARO', 'Anne', 'française', '0', '0'), ('155', 'CHABAT', 'Alain', 'française', '1958', '0'), ('156', 'LANVIN', 'Gérard', 'française', '1950', '0'), ('157', 'DUMONT', 'Bruno', 'française', '1958', '0'), ('158', 'CURTIS', 'Tony', 'américaine', '1925', '0'), ('159', 'MONROE', 'Marilyn', 'américaine', '1926', '1962'), ('160', 'SCORSESE', 'Martin', 'américaine', '1942', '0'), ('161', 'DE NIRO', 'Robert', 'américaine', '1943', '0'), ('162', 'PESCI', 'Joe', 'américaine', '1943', '0'), ('163', 'STEWART', 'James', 'américaine', '1908', '1997'), ('164', 'KELLY', 'Grace', 'américaine', '1929', '1982'), ('165', 'NOVAK', 'Kim', 'américaine', '1933', '0'), ('166', 'DAVIS', 'Bette', 'américaine', '1908', '1989'), ('167', 'SANDERS', 'George', 'anglaise', '1906', '1972'), ('168', 'BAXTER', 'Anne', 'américaine', '1923', '1985'), ('169', 'COTTEN', 'Joseph', 'américaine', '1905', '1994'), ('170', 'VALLI', 'Alida', 'italienne', '1921', '2006'), ('171', 'WELLES', 'Orson', 'américaine', '1915', '1985'), ('172', 'REED', 'Carol', 'anglaise', '1906', '1976'), ('173', 'CLOUZOT', 'Henri-Georges', 'française', '1907', '1977'), ('174', 'DELAIR', 'Suzy', 'française', '1917', '0'), ('175', 'BLIER', 'Bernard', 'française', '1916', '1989'), ('176', 'JOUVET', 'Louis', 'française', '1887', '1951'), ('177', 'LUBITSCH', 'Ernst', 'allemande', '1892', '1947'), ('178', 'LOMBARD', 'Carole', 'américaine', '1908', '1942'), ('179', 'LYNCH', 'David', 'américaine', '1946', '0'), ('180', 'SERREAU', 'Coline', 'française', '1947', '0'), ('181', 'FROT', 'Catherine', 'française', '1956', '0'), ('182', 'LINDON', 'Vincent', 'française', '1959', '0'), ('183', 'BRAKNI', 'Rachida', 'française', '1977', '0'), ('184', 'REISZ', 'Karel', 'tchéque', '1926', '2002'), ('185', 'IRON', 'Jeremy', 'anglaise', '1948', '0'), ('186', 'STREEP', 'Meryl', 'américaine', '1949', '0'), ('187', 'ROSI', 'Francesco', 'italienne', '1922', '0'), ('188', 'MIGUENES-JOHNSON', 'Julia', '', '1949', '0'), ('189', 'DOMINGO', 'Placido', 'espagnole', '1941', '0'), ('190', 'RAIMONDI', 'Ruggero', 'italienne', '1941', '0'), ('191', 'BOORMAN', 'John', 'anglaise', '1933', '0'), ('192', 'ARDANT', 'Fanny', 'française', '1949', '0'), ('193', 'TRUFFAUT', 'François', 'française', '1932', '1984'), ('194', 'CRONENBERG', 'David', 'canadienne', '1943', '0'), ('195', 'JASON LEIGH', 'Jennifer', 'américaine', '1962', '0'), ('196', 'LAW', 'Jude', 'anglaise', '1972', '0'), ('197', 'HOLM', 'Ian', 'anglaise', '1931', '0'), ('198', 'VON TRIER', 'Lars', 'danoise', '1956', '0'), ('199', 'WATSON', 'Emily', 'anglaise', '1967', '0'), ('200', 'CARTLIDGE', 'Katrin', 'anglaise', '1961', '2002'), ('201', 'BARR', 'Jean-Marc', 'française', '1960', '0'), ('202', 'SKARSGARD', 'Stellan', 'suédoise', '1951', '0'), ('203', 'SPIELBERG', 'Steven', 'américaine', '1946', '0'), ('204', 'ROHMER', 'Eric', 'française', '1920', '0'), ('205', 'KIESLOWSKI', 'Krzysztof', 'polonaise', '1941', '1996'), ('206', 'BINOCHE', 'Juliette', 'française', '1964', '0'), ('207', 'DELPY', 'Julie', 'française', '1969', '0'), ('208', 'JACOB', 'Irène', 'française', '1966', '0'), ('209', 'TRINTIGNANT', 'Jean-Louis', 'française', '1930', '0'), ('210', 'HEDREN', 'Tippi', 'américaine', '1931', '0'), ('211', 'DAY', 'Doris', 'américaine', '1924', '0'), ('213', 'CUKOR', 'George', 'américaine', '1899', '1983'), ('214', 'GARLAND', 'Judy', 'américaine', '1922', '1969'), ('215', 'DEPP', 'Johnny', 'américaine', '1963', '0'), ('216', 'BURTON', 'Tim', 'américaine', '1958', '0'), ('217', 'RYDER', 'Winona', 'américaine', '1971', '0'), ('218', 'WIEST', 'Dianne', 'américaine', '1948', '0'), ('219', 'COOPER & SCHOEDSACK', '', 'américaine', '0', '0'), ('220', 'DONEN', 'Stanley', 'américaine', '1924', '0'), ('221', 'CHARISSE', 'Cyd', 'américaine', '1921', '2008'), ('222', 'COEN', 'frères', 'américaine', '0', '0'), ('223', 'BYRNE', 'Gabriel', 'irlandaise', '1950', '0'), ('224', 'TURTURRO', 'John', 'américaine', '1957', '0'), ('225', 'FINNEY', 'Albert', 'anglaise', '1936', '0'), ('226', 'CANTET', 'Laurent', 'française', '1961', '0'), ('227', 'LESPERT', 'Jalil', 'française', '1976', '0'), ('228', 'FLEMING', 'Victor', 'américaine', '1883', '1949'), ('229', 'MINNELLI', 'Vincente', 'américaine', '1903', '1986'), ('230', 'CARON', 'Leslie', 'française', '1931', '0'), ('231', 'HEPBURN', 'Audrey', 'américaine', '1929', '0'), ('232', 'HARRISON', 'Rex', 'anglaise', '1908', '1990'), ('233', 'MURNAU', 'F. W.', 'allemande', '1888', '1931'), ('234', 'SCHRECK', 'Max', 'allemande', '1879', '1936'), ('235', 'RUDOLF', 'Alan', 'américaine', '1943', '0'), ('236', 'CARRADINE', 'Keith', 'américaine', '1949', '0'), ('237', 'SEBERG', 'Jean', 'américaine', '1938', '1979'), ('238', 'BISSET', 'Jacqueline', 'anglaise', '1944', '0'), ('239', 'BAYE', 'Nathalie', 'française', '1948', '0'), ('240', 'POLLACK', 'Sydney', 'américaine', '1934', '2008'), ('241', 'DAVIS', 'Judy', 'australienne', '1955', '0'), ('242', 'KUROSAWA', 'Akira', 'japonaise', '1910', '1998'), ('244', 'ROSSELLINI', 'Roberto', 'italienne', '1906', '1977'), ('245', 'PASOLINI', 'Pier Paolo', 'italienne', '1922', '1975'), ('246', 'MANGANO', 'Silvana', 'italienne', '1930', '1989'), ('247', 'STAMP', 'Terence', 'anglaise', '1939', '0'), ('248', 'WIAZEMSKY', 'Anne', 'française', '1947', '0'), ('249', 'DIETRICH', 'Marlene', 'américaine', '1901', '1992'), ('250', 'JANNINGS', 'Emil', 'allemande', '1884', '1950'), ('251', 'VON STERNBERG', 'Josef', 'allemande', '1894', '1969'), ('252', 'OPHüLS', 'Max', 'allemande', '1902', '1957'), ('253', 'FONTAINE', 'Joan', 'américaine', '1917', '0'), ('254', 'JOURDAN', 'Louis', 'française', '1919', '0'), ('255', 'FISHER', 'Carrie', 'américaine', '1956', '0'), ('256', 'HERSHEY', 'Barbara', 'américaine', '1948', '0'), ('257', 'CAINE', 'Michael', 'anglaise', '1933', '0'), ('258', 'ALDA', 'Alan', 'américaine', '1936', '0'), ('259', 'LANDAU', 'Martin', 'américaine', '1931', '0'), ('260', 'HUSTON', 'Angelica', 'américaine', '1951', '0'), ('261', 'CURTIZ', 'Michael', 'américaine', '1886', '1962'), ('262', 'DALIO', 'Marcel', 'française', '1900', '1983'), ('263', 'LORRE', 'Peter', 'américaine', '1904', '1964'), ('264', 'HOPKINS', 'Antony', 'anglaise', '1937', '0'), ('265', 'HURT', 'John', 'anglaise', '1940', '0'), ('266', 'GéLIN', 'Daniel', 'française', '1921', '2002'), ('267', 'BECKER', 'Jacques', 'française', '1906', '1960'), ('268', 'FRESNAY', 'Pierre', 'française', '1897', '1975'), ('269', 'LECLERC', 'Ginette', 'française', '1912', '1992'), ('270', 'PRYCE', 'Jonathan', 'anglaise', '1947', '0'), ('271', 'RAY', 'Satyajit', 'indienne', '1921', '1992'), ('273', 'CHEUNG', 'Maggie', 'chinoise', '1964', '0'), ('274', 'FREARS', 'Stephen', 'anglaise', '1941', '0'), ('275', 'CLOSE', 'Glenn', 'américaine', '1947', '0'), ('276', 'MALKOVICH', 'John', 'américaine', '1953', '0'), ('277', 'PFEIFFER', 'Michelle', 'américaine', '1958', '0'), ('278', 'THURMAN', 'Uma', 'américaine', '1970', '0'), ('279', 'VON STROHEIM', 'Erich', 'autrichienne', '1885', '1957'), ('280', 'CARETTE', 'Julien', 'française', '1897', '1966'), ('281', 'SIMON', 'Simone', 'française', '1910', '2005'), ('282', 'FOSSE', 'Bob', 'américaine', '1927', '1987'), ('283', 'MINNELLI', 'Liza', 'américaine', '1946', '0'), ('284', 'YORK', 'Michael', 'anglaise', '1942', '0'), ('285', 'SODERBERGH', 'Steven', 'américaine', '1963', '0'), ('286', 'DEL TORO', 'Benicio', 'puerto-ricaine', '1967', '0'), ('287', 'DOUGLAS', 'Michael', 'américaine', '1944', '0'), ('288', 'ZETA-JONES', 'Catherine', 'américaine', '1969', '0'), ('289', 'BARDEM', 'Javier', 'espagnole', '1969', '0'), ('290', 'KOTEAS', 'Elias', 'canadienne', '1961', '0'), ('291', 'EGOYAN', 'Atom', 'canadienne', '1961', '0'), ('292', 'KHANJIAN', 'Arsinée', 'canadienne', '1958', '0'), ('293', 'GRIFFITH', 'David W.', 'américaine', '1875', '1948'), ('294', 'BROWNING', 'Tod', 'américaine', '1882', '1962'), ('295', 'GISH', 'Lillian', 'américaine', '1893', '1993'), ('296', 'MCCAREY', 'Leo', 'américaine', '1898', '1969'), ('297', 'MARX', 'Groucho', 'américaine', '1890', '1977'), ('298', 'MARX', 'Harpo', 'américaine', '1888', '1964'), ('299', 'MARX', 'Chico', 'américaine', '1887', '1961'), ('300', 'MARX', 'Zeppo', 'américaine', '1901', '1979'), ('301', 'DUMONT', 'Margaret', 'américaine', '1889', '1965'), ('302', 'SIGNORET', 'Simone', 'française', '1921', '1985'), ('303', 'JOYEUX', 'Odette', 'française', '1914', '2000'), ('304', 'BARRAULT', 'Jean-Louis', 'française', '1910', '1994'), ('305', 'PHILIPE', 'Gérard', 'française', '1922', '1959'), ('306', 'DE FUNèS', 'Louis', 'française', '1914', '1983'), ('307', 'MOLINARO', 'Edouard', 'française', '1928', '0'), ('308', 'GENSAC', 'Claude', 'française', '1927', '0'), ('309', 'RICH', 'Claude', 'française', '1929', '0'), ('310', 'HAYWORTH', 'Rita', 'amércaine', '1918', '1987'), ('311', 'LANCASTER', 'Burt', 'américaine', '1913', '1994'), ('312', 'CARDINALE', 'Claudia', 'italienne', '1938', '0'), ('313', 'VISCONTI', 'Luchino', 'italienne', '1906', '1976'), ('314', 'COCTEAU', 'Jean', 'française', '1889', '1963'), ('315', 'MARAIS', 'Jean', 'française', '1913', '1998'), ('316', 'DAY', 'Josette', 'française', '1914', '1978'), ('317', 'AUCLAIR', 'Michel', 'française', '1922', '1988'), ('318', 'VANEL', 'Charles', 'française', '1892', '1989'), ('319', 'LA CAVA', 'Gregory', 'américaine', '1892', '1952'), ('320', 'HEPBURN', 'Katharine', 'américaine', '1907', '2003'), ('321', 'ROGERS', 'Ginger', 'américaine', '1911', '1995'), ('322', 'GIROTTI', 'Massimo', 'italienne', '1918', '2003'), ('323', 'DE SICA', 'Vittorio', 'italienne', '1902', '1974'), ('324', 'MCDOWELL', 'Malcolm', 'anglaise', '1943', '0'), ('325', 'MACLACHLAN', 'Kyle', 'américaine', '1959', '0'), ('326', 'FERRER', 'José', 'puertoricaine', '1909', '1992'), ('327', 'STING', '', 'anglaise', '1951', '0'), ('328', 'BRASSEUR', 'Pierre', 'française', '1905', '1972'), ('329', 'CASARES', 'Maria', 'espagnole', '1922', '1996'), ('330', 'MILLER', 'Ann', 'américaine', '1923', '2004'), ('331', 'WATTS', 'Naomi', 'anglaise', '1968', '0'), ('332', 'LOACH', 'Ken', 'anglaise', '1936', '0'), ('333', 'BRODY', 'Adrien', 'américaine', '1973', '0'), ('334', 'SEITER', 'William A.', 'américaine', '1890', '1964'), ('335', 'LOSEY', 'Joseph', 'américaine', '1909', '1984'), ('336', 'PREMINGER', 'Otto', 'autrichienne', '1906', '1986'), ('337', 'SIMMONS', 'Jean', 'anglaise', '1929', '0'), ('338', 'WRAY', 'Fay', 'canadienne', '1907', '2004'), ('339', 'TAYLOR', 'Elizabeth', 'anglaise', '1932', '0'), ('340', 'BURTON', 'Richard', 'anglaise', '1925', '1984'), ('341', 'WIENE', 'Robert', 'allemande', '1880', '1938'), ('342', 'MAGNANI', 'Anna', 'italienne', '1908', '1973'), ('343', 'PERKINS', 'Antony', 'américaine', '1932', '1992'), ('344', 'LEIGH', 'Janet', 'américaine', '1927', '2004'), ('345', 'MILES', 'Vera', 'américaine', '1929', '0'), ('346', 'CHOW', 'Yun-Fat', 'hong-kongaise', '1955', '0'), ('347', 'YEOH', 'Michelle', 'malaisienne', '1962', '0'), ('348', 'LEE', 'Ang', 'taïwanaise', '1954', '0'), ('349', 'CAPRA', 'Frank', 'américaine', '1897', '1991'), ('350', 'RAINS', 'Claude', 'anglaise', '1889', '1967'), ('351', 'THORNTON', 'Billy Bob', 'américaine', '1955', '0'), ('352', 'MCDORMAND', 'Frances', 'américaine', '1957', '0'), ('353', 'AOYAMA', 'Shinji', 'japonaise', '1964', '0'), ('354', 'FONDA', 'Jane', 'américaine', '1937', '0'), ('355', 'PANAHI', 'Jafar', 'iranienne', '1960', '0'), ('356', 'BERENSON', 'Marisa', 'américaine', '1946', '0'), ('357', 'O\'NEAL', 'Ryan', 'américaine', '1941', '0'), ('358', 'KAURISMäKI', 'Aki', 'finlandaise', '1957', '0'), ('359', 'OUTINEN', 'Kati', 'finlandaise', '1961', '0'), ('360', 'PELTOLA', 'Markku', 'finlandaise', '1956', '0'), ('361', 'CAMERON', 'James', 'canadienne', '1954', '0'), ('362', 'DICAPRIO', 'Leonardo', 'américaine', '1974', '0'), ('363', 'WINSLET', 'Kate', 'anglaise', '1975', '0'), ('364', 'PIALAT', 'Maurice', 'française', '1925', '2003'), ('365', 'BONNAIRE', 'Sandrine', 'française', '1967', '0'), ('366', 'BESNEHARD', 'Dominique', 'française', '1954', '0'), ('367', 'DUTRONC', 'Jacques', 'française', '1943', '0'), ('368', 'JEWISON', 'Norman', 'canadienne', '1926', '0'), ('369', 'MCQUEEN', 'Steve', 'américaine', '1930', '1980'), ('370', 'DUNAWAY', 'Faye', 'américaine', '1941', '0'), ('371', 'HUSTON', 'John', 'américaine', '1906', '1987'), ('372', 'ANDRESS', 'Ursula', 'suisse', '1936', '0'), ('373', 'NIVEN', 'David', 'anglaise', '1909', '1983'), ('374', 'KERR', 'Deborah', 'anglaise', '1921', '2007'), ('375', 'HOLDEN', 'William', 'américaine', '1918', '1981'), ('376', 'TULLIO GIORDANA', 'Marco', 'italienne', '1950', '0'), ('377', 'LO CASCIO', 'Luigi', 'italienne', '1967', '0'), ('378', 'BONI', 'Alessio', 'italienne', '1966', '0'), ('379', 'SANSA', 'Maya', 'italienne', '1975', '0'), ('380', 'GéRARD', 'Michel', 'française', '1933', '0'), ('381', 'COWL', 'Darry', 'française', '1925', '2006'), ('382', 'TORNADE', 'Pierre', 'française', '1930', '0'), ('383', 'CASTEL', 'Robert', 'française', '1933', '0'), ('384', 'GIRAULT', 'Jean', 'française', '1924', '1982'), ('385', 'GALABRU', 'Michel', 'française', '1924', '0'), ('386', 'LEFEBVRE', 'Jean', 'française', '1919', '2004'), ('387', 'PéRIER', 'François', 'française', '1919', '2002'), ('388', 'BALIN', 'Mireille', 'française', '1911', '1968'), ('389', 'DUVIVIER', 'Julien', 'française', '1896', '1967'), ('390', 'SCHOENDOERFFER', 'Pierre', 'française', '1928', '0'), ('391', 'DUFILHO', 'Jacques', 'française', '1914', '2005'), ('392', 'MAILLAN', 'Jacqueline', 'française', '1923', '1992'), ('393', 'DARC', 'Mireille', 'française', '1938', '0'), ('394', 'MORETTI', 'Nanni', 'italienne', '1953', '0'), ('395', 'ARCAND', 'Denys', 'canadienne', '1941', '0'), ('396', 'GIRARD', 'Rémy', 'canadienne', '1950', '0'), ('397', 'MONICELLI', 'Mario', 'italienne', '1915', '0'), ('398', 'GASSMAN', 'Vittorio', 'italienne', '1922', '2000'), ('399', 'TOTO', '', 'italienne', '1898', '1967'), ('400', 'CAGNEY', 'James', 'américaine', '1899', '1986'), ('401', 'FORD', 'John', 'américaine', '1894', '1973'), ('402', 'WAYNE', 'John', 'américaine', '1907', '1979'), ('403', 'MARVIN', 'Lee', 'américaine', '1924', '1987'), ('404', 'CREMER', 'Bruno', 'française', '1929', '0'), ('405', 'COPPOLA', 'Francis Ford', 'américaine', '1939', '0'), ('406', 'BRANDO', 'Marlon', 'américaine', '1924', '2004'), ('407', 'DUVALL', 'Robert', 'américaine', '1931', '0'), ('408', 'FISHBURNE', 'Laurence', 'américaine', '1961', '0'), ('409', 'SHEEN', 'Martin', 'américaine', '1940', '0'), ('410', 'TOGNAZZI', 'Ugo', 'italienne', '1922', '1990'), ('411', 'RISI', 'Dino', 'italienne', '1916', '2008'), ('412', 'FORD', 'Harrison', 'américaine', '1942', '0'), ('413', 'HOPPER', 'Dennis', 'américaine', '1936', '0'), ('414', 'GABLE', 'Clarck', 'américaine', '1901', '1960'), ('415', 'WALLACH', 'Eli', 'américaine', '1915', '0'), ('416', 'CLIFT', 'Montgomery', 'américaine', '1920', '1966'), ('417', 'DICKINSON', 'Angie', 'américaine', '1931', '0'), ('418', 'NELSON', 'Ricky', 'américaine', '1940', '0'), ('419', 'MARTIN', 'Dean', 'américaine', '1917', '1995'), ('420', 'BENNETT', 'Joan', 'américaine', '1910', '1990'), ('421', 'ROBINSON', 'Edward G.', 'américaine', '1893', '1973'), ('422', 'HERZOG', 'Werner', 'allemande', '1942', '0'), ('423', 'KINSKI', 'Klaus', 'allemande', '1926', '1991'), ('424', 'MOREL', 'Gaël', 'française', '1972', '0'), ('425', 'RIDEAU', 'Stéphane', 'française', '1976', '0'), ('426', 'TéCHINé', 'André', 'française', '1943', '0'), ('427', 'DESPLECHIN', 'Arnaud', 'française', '1960', '0'), ('428', 'AMALRIC', 'Mathieu', 'française', '1965', '0'), ('429', 'DEVOS', 'Emmanuelle', 'française', '1964', '0'), ('430', 'SALINGER', 'Emmanuel', 'française', '1964', '0'), ('431', 'DENICOURT', 'Marianne', 'française', '1966', '0'), ('432', 'DE MONTALEMBERT', 'Thibauld', 'française', '1962', '0'), ('433', 'MASTROIANNI', 'Chiara', 'française', '1972', '0'), ('434', 'PODALYDèS', 'Denis', 'française', '1963', '0'), ('435', 'BALIBAR', 'Jeanne', 'française', '1968', '0'), ('436', 'REDGRAVE', 'Michael', 'anglaise', '1908', '1985'), ('437', 'DAUPHIN', 'Claude', 'française', '1903', '1978'), ('438', 'CAAN', 'James', 'américaine', '1939', '0'), ('439', 'PACINO', 'Al', 'américaine', '1940', '0'), ('440', 'CAZALE', 'John', 'américaine', '1935', '1978'), ('441', 'GARCIA', 'Andy', 'cubaine', '1956', '0'), ('442', 'MANTEGNA', 'Jo', 'américaine', '1947', '0'), ('443', 'PECK', 'Gregory', 'américaine', '1916', '2003'), ('444', 'VIDOR', 'King', 'américaine', '1894', '1982'), ('445', 'JONES', 'Jennifer', 'américaine', '1919', '0'), ('446', 'BARRYMORE', 'Lionel', 'américaine', '1878', '1954'), ('447', 'MELVILLE', 'Jean-Pierre', 'française', '1917', '1973'), ('448', 'STéPHANE', 'Nicole', 'française', '1923', '2007'), ('449', 'LEONE', 'Sergio', 'italienne', '1929', '1989'), ('450', 'FONDA', 'Henry', 'américaine', '1905', '1982'), ('451', 'ROBARDS', 'Jason', 'américaine', '1922', '2000'), ('452', 'BRONSON', 'Charles', 'américaine', '1921', '2003'), ('453', 'ASTAIRE', 'Fred', 'américaine', '1899', '1987'), ('454', 'POWELL', 'Jane', 'américaine', '1929', '0'), ('455', 'HOWARD', 'Leslie', 'anglaise', '1893', '1943'), ('456', 'LEIGH', 'Vivien', 'anglaise', '1913', '1967'), ('457', 'DE HAVILLAND', 'Olivia', 'anglaise', '1916', '0'), ('458', 'WYLER', 'William', 'américaine', '1902', '1981'), ('459', 'HESTON', 'Charlton', 'américaine', '1924', '2008'), ('460', 'BOYD', 'Stephen', 'irlandaise', '1931', '1977'), ('461', 'WHALE', 'James', 'anglaise', '1889', '1957'), ('462', 'KARLOFF', 'Boris', 'anglaise', '1887', '1969'), ('463', 'STUART', 'Gloria', 'américaine', '1910', '0'), ('464', 'TODD', 'Ann', 'anglaise', '1909', '1993'), ('465', 'JACQUES', 'Yves', 'canadienne', '1956', '0'), ('466', 'ROUSSEAU', 'Stéphane', 'canadienne', '1966', '0'), ('467', 'MICHEL', 'Dominique', 'canadienne', '1932', '0'), ('468', 'BERRYMAN', 'Dorothée', 'canadienne', '1948', '0'), ('469', 'PORTAL', 'Louise', 'canadienne', '1950', '0'), ('470', 'CURZI', 'Pierre', 'canadienne', '1946', '0'), ('471', 'CROZE', 'Marie-Josée', 'canadienne', '1970', '0'), ('472', 'BLUTEAU', 'Lothaire', 'canadienne', '1957', '0'), ('473', 'ZELLWEGER', 'Renée', 'américaine', '1969', '0'), ('474', 'GERE', 'Richard', 'américaine', '1949', '0'), ('475', 'MARSHALL', 'Rob', 'américaine', '1960', '0'), ('476', 'HANSON', 'Curtis', 'américaine', '1945', '0'), ('477', 'SPACEY', 'Kevin', 'américaine', '1959', '0'), ('478', 'CROWE', 'Russell', 'néo-zélandaise', '1964', '0'), ('479', 'BASINGER', 'Kim', 'américaine', '1953', '0'), ('480', 'DEVITO', 'Danny', 'américaine', '1944', '0'), ('481', 'DOUGLAS', 'Kirk', 'américaine', '1916', '0'), ('482', 'ASTOR', 'Mary', 'américaine', '1906', '1987'), ('483', 'GREENSTREET', 'Sydney', 'anglaise', '1879', '1954'), ('484', 'VIDOR', 'Charles', 'américaine', '1900', '1959'), ('485', 'FORD', 'Glenn', 'canadienne', '1916', '2006'), ('486', 'KAZAN', 'Elia', 'américaine', '1909', '2003'), ('487', 'MALDEN', 'Karl', 'américaine', '1912', '0'), ('488', 'MACDOWELL', 'Andie', 'américaine', '1958', '0'), ('489', 'MOORE', 'Julianne', 'américaine', '1960', '0'), ('490', 'ROBBINS', 'Tim', 'américaine', '1958', '0'), ('491', 'ALTMAN', 'Robert', 'américaine', '1925', '2006'), ('492', 'WAITS', 'Tom', 'américaine', '1949', '0'), ('493', 'DEMILLE', 'Cecil B.', 'américaine', '1881', '1959'), ('495', 'BRYNNER', 'Yul', 'russe', '1915', '1985'), ('496', 'WEIR', 'Peter', 'australienne', '1944', '0'), ('497', 'CARREY', 'Jim', 'canadienne', '1962', '0'), ('498', 'HARRIS', 'Ed', 'américaine', '1950', '0'), ('499', 'POWELL', '(& Pressburger)', 'anglaise', '1905', '1990'), ('500', 'BöHM', 'Karlheinz', 'allemande', '1928', '0'), ('501', 'FABIAN', 'Françoise', 'française', '1932', '0'), ('502', 'BARRAULT', 'Marie-Christine', 'française', '1944', '0'), ('503', 'GüNEY', 'Yilmaz', 'turque', '1937', '1984'), ('504', 'CHABROL', 'Claude', 'française', '1930', '0'), ('505', 'YANNE', 'Jean', 'française', '1933', '2003'), ('506', 'SCACCHI', 'Greta', 'italienne', '1960', '0'), ('507', 'SIRK', 'Douglas', 'américaine', '1897', '1987'), ('508', 'ALLéGRET', 'Yves', 'française', '1907', '1987'), ('509', 'PAGLIERO', 'Marcello', 'italienne', '1907', '1980'), ('510', 'POWELL', 'Dick', 'américaine', '1904', '1963'), ('511', 'DARNELL', 'Linda', 'américaine', '1923', '1965'), ('512', 'CLAIR', 'René', 'française', '1898', '1981'), ('513', 'BRIDGES', 'Jeff', 'américaine', '1949', '0'), ('514', 'GOODMAN', 'John', 'américaine', '1952', '0'), ('515', 'BUSCEMI', 'Steve', 'américaine', '1957', '0'), ('516', 'JONZE', 'Spike', 'américaine', '1969', '0'), ('517', 'CUZACK', 'John', 'américaine', '1966', '0'), ('518', 'DIAZ', 'Cameron', 'américaine', '1972', '0'), ('519', 'OLIVIER', 'Laurence', 'anglaise', '1907', '1989'), ('520', 'USTINOV', 'Peter', 'anglaise', '1921', '2004'), ('521', 'LANCHESTER', 'Elsa', 'anglaise', '1902', '1986'), ('522', 'CLIVE', 'Colin', 'américaine', '1900', '1937'), ('523', 'BOURVIL', '', 'française', '1917', '1970'), ('524', 'OURY', 'Gérard', 'française', '1919', '2006'), ('525', 'MANFREDI', 'Nino', 'italienne', '1921', '2004'), ('526', 'SCOLA', 'Ettore', 'italienne', '1931', '0'), ('527', 'NOëL', 'Magali', 'turque', '1932', '0'), ('528', 'SEYRIG', 'Delphine', 'française', '1932', '1990'), ('529', 'LONSDALE', 'Michael', 'française', '1931', '0'), ('530', 'JADE', 'Claude', 'française', '1948', '2006'), ('531', 'SIMON', 'Michel', 'suisse', '1895', '1975'), ('532', 'MORGAN', 'Michèle', 'française', '1920', '0'), ('533', 'VARDA', 'Agnès', 'belge', '1928', '0'), ('534', 'MATTHAU', 'Walter', 'américaine', '1920', '2000'), ('535', 'O\'BRIEN', 'Margaret', 'américaine', '1937', '0'), ('536', 'BREMER', 'Lucille', 'américaine', '1917', '1996'), ('537', 'REEVES', 'Keanu', 'américaine', '1964', '0'), ('538', 'MOSS', 'Carrie-Anne', 'canadienne', '1967', '0'), ('539', 'WACHOWSKI', 'frères', 'américaine', '0', '0'), ('540', 'VIGO', 'Jean', 'française', '1905', '1934'), ('541', 'DASTé', 'Jean', 'française', '1904', '1994'), ('542', 'PARLO', 'Dita', 'allemande', '1906', '1971'), ('543', 'BOUQUET', 'Michel', 'française', '1925', '0'), ('544', 'CARMET', 'Jean', 'française', '1921', '1994'), ('545', 'CARMET', 'Jean', 'française', '1921', '1994'), ('546', 'EISENSTEIN', 'Sergei M.', 'russe', '1898', '1948'), ('547', 'EPSTEIN & FRIEDMAN', '', 'américaine', '0', '0'), ('548', 'TIERNEY', 'Gene', 'américaine', '1920', '1991'), ('549', 'HUSTON', 'Walter', 'américaine', '1884', '1950'), ('551', 'MATURE', 'Victor', 'américaine', '1915', '1999'), ('552', 'SWANSON', 'Gloria', 'américaine', '1897', '1983'), ('553', 'COURCEL', 'Nicole', 'française', '1930', '0'), ('554', 'BRUNOY', 'Blanchette', 'française', '1918', '2005'), ('555', 'ZEMECKIS', 'Robert', 'américaine', '1952', '0'), ('556', 'HANKS', 'Tom', 'américaine', '1956', '0'), ('557', 'WRIGHT PENN', 'Robin', 'américaine', '1966', '0'), ('558', 'SINISE', 'Gary', 'américaine', '1955', '0'), ('559', 'LUCAS', 'George', 'américaine', '1944', '0'), ('560', 'HAMILL', 'Mark', 'américaine', '1951', '0'), ('561', 'KERSHNER', 'Irvin', 'américaine', '1923', '0'), ('562', 'MARQUAND', 'Richard', 'anglaise', '1938', '1987'), ('563', 'BRENNAN', 'Walter', 'américaine', '1894', '1974'), ('564', 'TAMIROFF', 'Akim', 'russe', '1899', '1972'), ('565', 'ROBERT', 'Yves', 'française', '1920', '2002'), ('566', 'BRASSEUR', 'Claude', 'française', '1936', '0'), ('567', 'BEDOS', 'Guy', 'française', '1934', '0'), ('568', 'LANOUX', 'Victor', 'française', '1936', '0'), ('569', 'DELORME', 'Danièle', 'française', '1926', '0'), ('570', 'DUPEREY', 'anny', 'française', '1947', '0'), ('571', 'STEVENS', 'George', 'américaine', '1904', '1975'), ('572', 'COBURN', 'Charles', 'américaine', '1877', '1961'), ('573', 'RUSSELL', 'Jane', 'américaine', '1921', '0'), ('574', 'GRANGER', 'Stewart', 'anglaise', '1913', '1993'), ('575', 'GREENWOOD', 'Joan', 'anglaise', '1921', '1987'), ('576', 'ATKINE', 'Féodor', 'française', '1948', '0'), ('577', 'DOMBASLE', 'Arielle', 'française', '1958', '0'), ('578', 'GREGGORY', 'Pascal', 'française', '1954', '0'), ('579', 'OPHüLS', 'Marcel', 'française', '1927', '0'), ('580', 'KITANO', 'Takeshi', 'japonaise', '1947', '0'), ('581', 'COMENCINI', 'Luigi', 'italienne', '1916', '2007'), ('582', 'QUAYLE', 'Anthony', 'anglaise', '1913', '1989'), ('583', 'SORDI', 'Alberto', 'italienne', '1920', '2003'), ('584', 'TOURNEUR', 'Jacques', 'française', '1904', '1977'), ('585', 'COCOYANNIS', 'Michael', 'grecque', '1922', '0'), ('586', 'PAPAS', 'Irene', 'grecque', '1926', '0'), ('587', 'BATES', 'Alan', 'anglaise', '1934', '2003'), ('588', 'PIDGEON', 'Walter', 'canadienne', '1897', '1884'), ('589', 'O\'HARA', 'Maureen', 'irlandaise', '1920', '0'), ('590', 'IRELAND', 'John', 'anglaise', '1914', '1992'), ('591', 'BERTOLUCCI', 'Bernardo', 'italienne', '1940', '0'), ('592', 'WINGER', 'Debra', 'américaine', '1955', '0'), ('593', 'IMAMURA', 'Shohei', 'japonaise', '1926', '2006'), ('594', 'CONNERY', 'Sean', 'écossaise', '1930', '0'), ('595', 'PLUMMER', 'Christopher', 'canadienne', '1927', '0'), ('596', 'SINATRA', 'Frank', 'américaine', '1915', '1998'), ('597', 'TRYON', 'Tom', 'américaine', '1926', '1991'), ('598', 'SCHNEIDER', 'Romy', 'autrichienne', '1938', '1982'), ('599', 'BANIONIS', 'Donatas', 'lituanien', '1924', '0'), ('600', 'TARKOVSKY', 'Andrei', 'russe', '1932', '1986'), ('601', 'VAN DORMAEL', 'Jaco', 'belge', '1957', '0'), ('602', 'CHEUNG', 'Leslie', 'chinoise', '1956', '2003'), ('603', 'LAU', 'Carina', 'chinoise', '1964', '0'), ('604', 'ZIYI', 'Zhang', 'chinoise', '1979', '0'), ('605', 'LI', 'Gong', 'chinoise', '1965', '0'), ('606', 'WONG', 'Faye', 'chinoise', '1969', '0'), ('607', 'PENN', 'Arthur', 'américaine', '1922', '0'), ('608', 'HOFFMAN', 'Dustin', 'américaine', '1937', '0'), ('609', 'GONDRY', 'Michel', 'française', '1963', '0'), ('610', 'VENTURA', 'Lino', 'française', '1919', '1987'), ('611', 'SCHNEIDER', 'Maria', 'française', '1952', '0'), ('612', 'ANTONIONI', 'Michelangelo', 'italienne', '1912', '2007'), ('613', 'VITTI', 'Monica', 'italienne', '1931', '0'), ('614', 'REDGRAVE', 'Vanessa', 'anglaise', '1937', '0'), ('615', 'HEMMINGS', 'David', 'anglaise', '1941', '0'), ('616', 'LOREN', 'Sophia', 'italienne', '1934', '0'), ('617', 'HUDSON', 'Rock', 'américaine', '1925', '1985'), ('618', 'DEAN', 'James', 'américaine', '1931', '1955'), ('619', 'MCCAMBRIDGE', 'Mercedes', 'américaine', '1916', '2004'), ('620', 'DENNER', 'Charles', 'française', '1929', '1995'), ('621', 'FOSSEY', 'Brigitte', 'française', '1946', '0'), ('622', 'ROTH', 'Tim', 'anglaise', '1961', '0'), ('623', 'GRAY', 'James', 'américaine', '1969', '0'), ('624', 'SCHAFFNER', 'Franklin', 'américaine', '1920', '1989'), ('625', 'HUNTER', 'Kim', 'américaine', '1922', '2002'), ('626', 'FRANJU', 'Georges', 'française', '1912', '1987'), ('627', 'MOIX', 'Yann', 'française', '0', '0'), ('628', 'POELVOORDE', 'Benoït', 'belge', '1964', '0'), ('629', 'ROUVE', 'Jean-Paul', 'française', '1967', '0'), ('630', 'DEPARDIEU', 'Julie', 'française', '1973', '0'), ('631', 'TAUTOU', 'Audrey', 'française', '1978', '0'), ('632', 'KASSOVITZ', 'Mathieu', 'française', '1967', '0'), ('633', 'JEUNET', 'Jean-Pierre', 'française', '1953', '0'), ('634', 'COOPER', 'Gary', 'américaine', '1901', '1961'), ('635', 'STANWYCK', 'Barbara', 'américaine', '1907', '1990'), ('637', 'HUNEBELLE', 'André', 'française', '1896', '1985'), ('638', 'SJöSTRöM', 'Victor', 'suédoise', '1879', '1960'), ('639', 'MEURISSE', 'Paul', 'française', '1912', '1979'), ('640', 'VALLONE', 'Raf', 'italienne', '1916', '2002'), ('641', 'MIFUNE', 'Toshirô', 'japonaise', '1920', '1997'), ('642', 'MANN', 'Anthony', 'américaine', '1906', '1967'), ('643', 'TARR', 'Béla', 'hongroise', '1955', '0'), ('644', 'RUDOLPH', 'Lars', 'allemande', '1966', '0'), ('645', 'SCHYGULLA', 'Hanna', 'allemande', '1943', '0'), ('646', 'CISSé', 'Souleymane', 'malienne', '1940', '0'), ('647', 'KEITA', 'Balla', 'malienne', '0', '0'), ('648', 'MIZOGUCHI', 'Kenji', 'japonaise', '1898', '1956'), ('649', 'GRANGIER', 'Gilles', 'française', '1911', '1996'), ('650', 'BIRAUD', 'Maurice', 'française', '1922', '1982'), ('651', 'CHERKASOV', 'Nikolai', 'russe', '1903', '1966'), ('652', 'BANDERAS', 'Antonio', 'espagnole', '1960', '0'), ('653', 'KAIGE', 'Chen', 'chinoise', '1952', '0'), ('654', 'MORLEY', 'Robert', 'anglaise', '1908', '1992'), ('655', 'LOLLOBRIGIDA', 'Gina', 'italienne', '1927', '0'), ('656', 'MARSHALL', 'Herbert', 'américaine', '1890', '1966'), ('657', 'GRANVAL', 'Charles', 'française', '1882', '1943'), ('658', 'LAURIE', 'Piper', 'américaine', '1932', '0'), ('659', 'ROSSEN', 'Robert', 'américaine', '1908', '1966'), ('660', 'NEWMAN', 'Paul', 'américaine', '1925', '2008'), ('661', 'DAYAN', 'Assi', 'israélienne', '1945', '0'), ('663', 'FASSBINDER', 'Rainer Werner', 'allemande', '1945', '1982'), ('664', 'DE LA PATELLIèRE', 'Denys', 'française', '1921', '0'), ('665', 'AZNAVOUR', 'Charles', 'française', '1924', '0'), ('666', 'TERAJIMA', 'Susumu', 'japonaise', '1963', '0'), ('667', 'PINOTEAU', 'Jacques', 'française', '1923', '0'), ('668', 'BRIALY', 'Jean-Claude', 'française', '1933', '2007'), ('669', 'LAWFORD', 'Peter', 'anglaise', '1923', '1984'), ('670', 'HATFIELD', 'Hurd', 'américaine', '1917', '1998'), ('671', 'GARBO', 'Greta', 'suédoise', '1905', '1990'), ('672', 'MAMOULIAN', 'Rouben', 'russe', '1897', '1987'), ('673', 'GILBERT', 'John', 'américaine', '1899', '1936'), ('674', 'DOUGLAS', 'Melvyn', 'américaine', '1901', '1981'), ('675', 'LUGOSI', 'Bela', 'hongroise', '1882', '1956'), ('676', 'BRUCKMAN', 'Clyde', 'américaine', '1894', '1955'), ('677', 'REISNER', 'Charles', 'américaine', '1887', '1962'), ('678', 'LAUTNER', 'Georges', 'française', '1926', '0'), ('679', 'BLANCHE', 'Francis', 'française', '1919', '1974'), ('680', 'CONSTANTIN', 'Michel', 'française', '1924', '2003'), ('681', 'PRICE', 'Vincent', 'américaine', '1911', '1993'), ('682', 'ANDREWS', 'Dana', 'américaine', '1909', '1992'), ('683', 'ANDERSON', 'Judith', 'australienne', '1897', '1992'), ('684', 'HELM', 'Brigitte', 'allemande', '1908', '1996'), ('685', 'SHERIDAN', 'Ann', 'américaine', '1915', '1967'), ('686', 'PEPPARD', 'George', 'américaine', '1928', '1994'), ('687', 'FAIRBANKS JR.', 'Douglas', 'américaine', '1909', '2000'), ('688', 'LEROY', 'Mervyn', 'américaine', '1900', '1987'), ('689', 'HARLOW', 'Jean', 'américaine', '1911', '1937'), ('690', 'WELLMAN', 'William A.', 'américaine', '1896', '1975'), ('691', 'MAYO', 'Archie', 'américaine', '1891', '1968'), ('692', 'O\'BRIEN', 'Pat', 'américaine', '1899', '1983'), ('693', 'WALSH', 'Raoul', 'américiane', '1887', '1980'), ('694', 'MAYO', 'Virginia', 'américaine', '1920', '2005'), ('695', 'DROUOT', 'Jean-Claude', 'belge', '1938', '0'), ('696', 'SCHEIDER', 'Roy', 'américaine', '1932', '2008'), ('697', 'LANGE', 'Jessica', 'américaine', '1949', '0'), ('698', 'SERRAULT', 'Michel', 'française', '1928', '2007'), ('699', 'LEWIS', 'Jerry', 'américaine', '1926', '0'), ('700', 'SCHLöNDORFF', 'Volker', 'allemande', '1939', '0'), ('701', 'OLBRYCHSKI', 'Daniel', 'polonaise', '1945', '0'), ('702', 'ZAMACHOWSKI', 'Zbigniew', 'polonaise', '1961', '0'), ('703', 'CARLYLE', 'Robert', 'écossaise', '1961', '0'), ('704', 'BRANAGH', 'Kenneth', 'anglaise', '1960', '0'), ('705', 'THOMPSON', 'Emma', 'anglaise', '1959', '0'), ('706', 'BECKINSALE', 'Kate', 'anglaise', '1973', '0'), ('707', 'KEATON', 'Michael', 'américaine', '1951', '0'), ('708', 'WASHINGTON', 'Denzel', 'américaine', '1954', '0'), ('709', 'BILAL', 'Enki', 'française', '1951', '0'), ('710', 'KRETSCHMANN', 'Thomas', 'allemande', '1962', '0'), ('711', 'HARDY', 'Linda', 'française', '1973', '0'), ('712', 'RAMPLING', 'Charlotte', 'anglaise', '1946', '0'), ('713', 'WERNER', 'Oskar', 'allemand', '1922', '1984'), ('714', 'SERRE', 'Henri', 'française', '1931', '0'), ('715', 'ALLEN', 'Karen', 'américaine', '1951', '0'), ('716', 'CAPSHAW', 'Kate', 'américaine', '1953', '0'), ('717', 'ANNAUD', 'Jean-Jacques', 'française', '1943', '0'), ('718', 'LAWRENCE', 'Ray', 'australienne', '1948', '0'), ('719', 'LAPAGLIA', 'Anthony', 'australienne', '1959', '0'), ('720', 'RUSH', 'Geoffrey', 'australienne', '1951', '0'), ('721', 'SULEIMAN', 'Elia', 'palestinienne', '1960', '0'), ('722', 'VERTOV', 'Dziga', 'polonaise', '1896', '1954'), ('723', 'FLEISCHER', 'Richard', 'américaine', '1916', '2006'), ('724', 'WELCH', 'Raquel', 'américaine', '1940', '0'), ('725', 'PLEASENCE', 'Donald', 'anglaise', '1919', '1995'), ('726', 'NICHOLSON', 'Jack', 'américaine', '1937', '0'), ('727', 'LUCHINI', 'Fabrice', 'française', '1951', '0'), ('728', 'ROMAND', 'Béatrice', 'française', '1952', '0'), ('729', 'RIVIèRE', 'Marie', 'française', '1956', '0'), ('730', 'POUPAUD', 'Melvil', 'française', '1973', '0'), ('731', 'LANGLET', 'Amanda', 'française', '0', '0'), ('732', 'CHEVALIER', 'Maurice', 'française', '1888', '1972'), ('733', 'TRACY', 'Spencer', 'américaine', '1900', '1967'), ('734', 'REILLY', 'John C.', 'américaine', '1965', '0'), ('735', 'BLANCHETT', 'Cate', 'australienne', '1969', '0'), ('736', 'FREUND', 'Karl', 'allemande', '1890', '1969'), ('737', 'DISNEY', 'studios', 'américaine', '0', '0'), ('738', 'CHANEY', 'Lon', 'américaine', '1883', '1930'), ('739', 'JULIAN', 'Rupert', 'néo-zélandaise', '1879', '1943'), ('740', 'KORDA', 'Alexander', 'hongroise', '1893', '1956'), ('741', 'DONAT', 'Robert', 'anglaise', '1905', '1958'), ('742', 'HOLT', 'Tim', 'américaine', '1918', '1973'), ('743', 'SANDRICH', 'Mark', 'américaine', '1900', '1945'), ('744', 'RUSSELL', 'Rosalind', 'américaine', '1907', '1976'), ('745', 'DUNNE', 'Irene', 'américaine', '1898', '1990'), ('746', 'BELLAMY', 'Ralph', 'américaine', '1904', '1991'), ('747', 'KECHICHE', 'Abdellatif', 'française', '1960', '0'), ('748', 'FORESTIER', 'Sara', 'française', '1986', '0'), ('749', 'FABRIZI', 'Franco', 'italienne', '1926', '1995'), ('750', 'BASEHART', 'Richard', 'américaine', '1914', '1984'), ('751', 'CRAWFORD', 'Broderick', 'américaine', '1911', '1986'), ('752', 'BENIGNI', 'Roberto', 'italienne', '1952', '0'), ('753', 'CHOPRA', 'Yash', 'indienne', '1932', '0'), ('754', 'KHAN', 'Shahrukh', 'indienne', '1965', '0'), ('755', 'BACHCHAN', 'Amitabh', 'indienne', '1942', '0'), ('756', 'SALVATORI', 'Renato', 'italienne', '1934', '1988'), ('757', 'FERNANDEL', '', 'française', '1903', '1971'), ('758', 'BIBERMAN', 'Herbert J.', 'américaine', '1900', '1971'), ('759', 'PURVIANCE', 'Edna', 'américaine', '1895', '1958'), ('760', 'COOGAN', 'Jackie', 'américaine', '1914', '1984'), ('761', 'PECKINPAH', 'Sam', 'américaine', '1925', '1984'), ('762', 'GEORGE', 'Susan', 'anglaise', '1950', '0'), ('763', 'ZINTA', 'Preity', 'indienne', '1974', '0'), ('764', 'SCOTT', 'Ridley', 'anglaise', '1937', '0'), ('765', 'LISBERGER', 'Steven', 'américaine', '1951', '0'), ('766', 'WARNER', 'David', 'anglaise', '1941', '0'), ('767', 'PETERS', 'Jean', 'américaine', '1926', '2000'), ('768', 'TANAKA', 'Kinuyo', 'japonaise', '1910', '1977'), ('769', 'DE PALMA', 'Brian', 'américaine', '1940', '0'), ('770', 'MCGREGOR', 'Ewan', 'écossaise', '1971', '0'), ('771', 'REMICK', 'Lee', 'américaine', '1935', '1991'), ('772', 'GAZZARA', 'Ben', 'américaine', '1930', '0'), ('773', 'SCOTT', 'George C.', 'américaine', '1927', '1999'), ('774', 'LEE', 'Spike', 'américaine', '1957', '0'), ('775', 'NORTON', 'Edward', 'américaine', '1969', '0'), ('776', 'SEYMOUR HOFFMAN', 'Philip', 'américaine', '1967', '0'), ('777', 'PEPPER', 'Barry', 'canadienne', '1970', '0'), ('778', 'GIELGUD', 'John', 'anglaise', '1904', '2000'), ('779', 'CARROLL', 'Madeleine', 'anglaise', '1906', '1987'), ('780', 'SULLAVAN', 'Margaret', 'américaine', '1911', '1960'), ('781', 'BRESSART', 'Felix', 'prussienne', '1892', '1949'), ('782', 'FORMAN', 'Milos', 'tchèque', '1932', '0'), ('783', 'MURRAY ABRAHAM', 'F.', 'américaine', '1939', '0'), ('784', 'HULCE', 'Tom', 'américaine', '1953', '0'), ('785', 'ROüAN', 'Brigitte', 'française', '1946', '0'), ('786', 'BOUQUET', 'Carole', 'française', '1957', '0'), ('787', 'DI FONZO BO', 'Marcial', 'argentine', '1968', '0'), ('788', 'GIRARDOT', 'Annie', 'française', '1931', '0'), ('789', 'CASTELNUOVO', 'Nino', 'italienne', '1936', '0'), ('790', 'HANIN', 'Roger', 'française', '1925', '0'), ('791', 'OZON', 'François', 'française', '1967', '0'), ('792', 'HUPPERT', 'Isabelle', 'française', '1953', '0'), ('793', 'BéART', 'Emmanuelle', 'française', '1963', '0'), ('794', 'CONSTANTINE', 'Eddie', 'américaine', '1917', '1993'), ('795', 'JOBERT', 'Marlène', 'française', '1943', '0'), ('796', 'GOYA', 'Chantal', 'française', '1946', '0'), ('797', 'WOODS', 'James', 'américaine', '1947', '0'), ('798', 'WRIGHT', 'Teresa', 'américaine', '1918', '2005'), ('799', 'GAYNOR', 'Mitzi', 'américaine', '1931', '0'), ('800', 'KENDALL', 'Kay', 'anglaise', '1926', '1959'), ('801', 'ELG', 'Taina', 'finlandaise', '1931', '0'), ('802', 'JONES', 'Jeffrey', 'américaine', '1946', '0'), ('803', 'PARKER', 'Sarah Jessica', 'américaine', '1965', '0'), ('804', 'ARQUETTE', 'Patricia', 'américaine', '1968', '0'), ('805', 'MURRAY', 'Bill', 'américaine', '1950', '0'), ('806', 'O\'BRIEN', 'George', 'américaine', '1899', '1985'), ('807', 'GAYNOR', 'Janet', 'américaine', '1906', '1984'), ('808', 'CHOW', 'Stephen', 'hong-kongaise', '1962', '0'), ('809', 'WOOD JR.', 'Edward D.', 'américaine', '1924', '1978'), ('810', 'HARRIS', 'Richard', 'irlandais', '1930', '2002'), ('811', 'CASSEL', 'Jean-Pierre', 'française', '1932', '2007'), ('812', 'VEIDT', 'Conrad', 'allemande', '1893', '1943'), ('813', 'ROSAY', 'Françoise', 'française', '1891', '1974'), ('814', 'DRéVILLE', 'Jean', 'française', '1906', '1997'), ('815', 'REY', 'Fernando', 'espagnole', '1917', '1994'), ('816', 'VAN SANT', 'Gus', 'américaine', '1952', '0'), ('817', 'STURGES', 'Preston', 'américaine', '1898', '1959'), ('818', 'BLORE', 'Eric', 'anglaise', '1887', '1959'), ('820', 'FERRAN', 'Pascale', 'française', '1960', '0'), ('821', 'BERLING', 'Charles', 'française', '1958', '0'), ('822', 'SANDRE', 'Didier', 'française', '1946', '0'), ('823', 'DUCHAUSSOY', 'Michel', 'française', '1938', '0'), ('824', 'CELLIER', 'Caroline', 'française', '1945', '0'), ('825', 'SPADER', 'James', 'américaine', '1960', '0'), ('826', 'GALLAGHER', 'Peter', 'américaine', '1955', '0'), ('827', 'TRUMBO', 'Dalton', 'américaine', '1905', '1976'), ('828', 'BOTTOMS', 'Timothy', 'américaine', '1951', '0'), ('829', 'SUTHERLAND', 'Donald', 'canadienne', '1935', '0'), ('830', 'CHAMBERLAIN', 'Richard', 'américaine', '1934', '0'), ('831', 'ROCHA', 'Glauber', 'brésilienne', '1939', '1981'), ('832', 'BELAFONTE', 'Harry', 'américaine', '1927', '0'), ('833', 'DANDRIDGE', 'Dorothy', 'américaine', '1922', '1965'), ('834', 'OGIER', 'Pascale', 'française', '1958', '1984'), ('835', 'KARYO', 'Tchéky', 'française', '1953', '0'), ('836', 'VOLTER', 'Philippe', 'belge', '1959', '2005'), ('837', 'HART', 'Ian', 'anglaise', '1964', '0'), ('838', 'PIERROT', 'Frédéric', 'française', '1960', '0'), ('839', 'CUMMINGS', 'Robert', 'américaine', '1908', '1990'), ('840', 'JOHAR', 'Karan', 'indienne', '1972', '0'), ('841', 'BHADURI', 'Jaya', 'indienne', '1948', '0'), ('842', 'KAJOL', '', 'indienne', '1974', '0'), ('843', 'ROSHAN', 'Hrithik', 'indienne', '1974', '0'), ('844', 'BOYER', 'Charles', 'française', '1899', '1978'), ('845', 'DURAS', 'Marguerite', 'française', '1914', '1996'), ('846', 'SIDNEY', 'Sylvia', 'américaine', '1910', '1999'), ('847', 'CAGE', 'Nicolas', 'américaine', '1964', '0'), ('848', 'DERN', 'Laura', 'américaine', '1967', '0'), ('849', 'STANTON', 'Harry Dean', 'américaine', '1926', '0'), ('850', 'HOMOLKA', 'Oskar', 'autrichienne', '1898', '1978'), ('851', 'LODER', 'John', 'anglaise', '1898', '1988'), ('852', 'MUKHERJEE', 'Rani', 'indienne', '1978', '0'), ('853', 'SMITH', 'Maggie', 'anglaise', '1934', '0'), ('854', 'SCOTT THOMAS', 'Kristin', 'anglaise', '1960', '0'), ('855', 'MIRREN', 'Helen', 'anglaise', '1945', '0'), ('856', 'ASANO', 'Tadanobu', 'japonaise', '1973', '0'), ('857', 'SHIMURA', 'Takashi', 'japonaise', '1905', '1982'), ('858', 'DILLON', 'Matt', 'américaine', '1964', '0'), ('859', 'ROURKE', 'Mickey', 'américaine', '1956', '0'), ('860', 'COOK JR.', 'Elisha', 'américaine', '1903', '1995'), ('861', 'FEYDER', 'Jacques', 'française', '1885', '1948'), ('862', 'MCLEOD', 'Norman Z.', 'américaine', '1898', '1964'), ('863', 'TODD', 'Thelma', 'américaine', '1905', '1935'), ('864', 'CHADHA', 'Gurinder', 'indienne', '1960', '0'), ('865', 'RAI', 'Aishwarya', 'indienne', '1973', '0'), ('866', 'KHER', 'Anupam', 'indienne', '1955', '0'), ('867', 'ULMER', 'Edgar G.', 'américaine', '1904', '1972'), ('868', 'NEAL', 'Tom', 'américaine', '1914', '1972'), ('869', 'MILLER', 'Claude', 'française', '1942', '0'), ('870', 'MARCHAND', 'Guy', 'française', '1937', '0'), ('871', 'ROSS', 'Herbert', 'américaine', '1927', '2001'), ('872', 'ROBERTS', 'Tony', 'américaine', '1939', '0'), ('873', 'YOUNG', 'Terence', 'anglaise', '1915', '1994'), ('874', 'GOLDBLUM', 'Jeff', 'américaine', '1952', '0'), ('875', 'DAVIS', 'Geena', 'américaine', '1956', '0'), ('876', 'GOWARIKER', 'Ashutosh', 'indienne', '1968', '0'), ('877', 'KHAN', 'Aamir', 'indienne', '1965', '0'), ('878', 'MALLE', 'Louis', 'française', '1932', '1995'), ('879', 'MACY', 'William H.', 'américaine', '1950', '0'), ('880', 'CARRIèRE', 'Jean-Claude', 'française', '1931', '0'), ('881', 'YOSHIDA', 'Kiju', 'japonaise', '1933', '0'), ('882', 'OKADA', 'Marika', 'japonaise', '1933', '0'), ('883', 'REDFORD', 'Robert', 'américaine', '1936', '0'), ('884', 'HEERMAN', 'Victor', 'anglaise', '1893', '1977'), ('885', 'MASSARI', 'Lea', 'italienne', '1933', '0'), ('886', 'TRIESTE', 'Leopoldo', 'italienne', '1907', '2003'), ('887', 'CASTEL', 'Lou', '', '1943', '0'), ('888', 'HURT', 'William', 'américaine', '1950', '0'), ('889', 'PENN', 'Sean', 'américaine', '1960', '0'), ('890', 'MORTON', 'Samantha', 'anglaise', '1977', '0'), ('891', 'NOIRET', 'Philippe', 'française', '1930', '2006');
COMMIT;

SET FOREIGN_KEY_CHECKS = 1;
